name,token
0x,0x
1000heads,1000heads
100mentors,100mentors
100ms,100ms
100x,100x
10Pearls,10pearls
10x Banking,10xbanking
123FormBuilder,123formbuilder
12Go Asia,12go
15Five,15five
1871 Member Company,1871
1915 South / Ashley,1915-south-ashley
1GLOBAL,1global
1Kosmos,1kosmos
1Rebel,1rebel
1Stopbedrooms,1stopbedrooms
2-1-1 Big Bend,2-1-1-big-bend
2070Health,2070health
20Four7VA,20four7va
211 Broward,211-broward-1
2Modern,2modern
2U,2u
3 Oaks Gaming,3-oaks-gaming
3:15,315
360dialog GmbH,360dialog-gmbh
360Learning,360learning
37signals,37signals
3AG Systems,3ag-systems
3Degrees,3degrees
3E,3e
3Eco,3eco
3M,3m
3PillarGlobal,3pillarglobal
3S,3s
3SS,3ss
3terra,3terra
"3Top, Inc.",3top
42matters,42matters
47 Degrees,47-degrees
4Chain Consulting,4chain-consulting
4OC,4oc
4th & Reckless,4th-and-reckless
540,540
6 Figure Creative,6figurecreative
6sense,6sense
7ELEVEN,7eleven
7thSENSE GmbH,7thsense
87seconds,87seconds
8Twelve Mortgage,8twelve
90 Seconds,90seconds
99x Brazil (formerly Nextly),99xbrazil
9D Technologies & Imagination AI,9dtechnologies-1
9fin,9fin
A Gas,a-gas
A. Hatzopoulos SA,a-hatzopoulos-sa
AREA 17,a17
a21,a21
A2e Technologies,a2e-technologies-1
A2MAC1,a2mac1
"AAA Specialty Products of FL, Inc",aaaspecialty
Advanced Automation Corporation,aac-usa
Aaramshop,aaramshop
Aardvark Studios,aardvark-studios
AB Marketing LLC,ab-marketing
Ali Bin Ali Holding,abaholding
Abakus Center,abakus-center
ABC Center,abc-center
Applied Business Communications (ABcom),abcom
Abercrombie & Kent USA,abercrombie-and-kent-1
Abi Global Health,abi-hiring
Abilis Solutions,abilis-solutions
ABIS,abis
ABM UK,abm-careers
Above the Treeline,above-the-treeline
Arnett & Burgess Energy Services,abpipeliners
Abtrace,abtrace
Abu Dhabi Investment Council Company,abu-dhabi-investment-council
Abylle Solutions Pvt Ltd,abylle-solutions-pvt-ltd
Academy of Medical Sciences,academy-of-medical-sciences
Academy Xi,academyxi
Acadia Center,acadia-center
Accel Club,accel-club
Accellor,accellor
"accentedge, LLC",accentedge
Accenture,accenture
Accepted ltd,accepted-ltd
Access,access
Access Analytix,access-analytix
Access Bank PLC,access-bank
Access Business Technologies,access-business-technologies
Access Services,access-services-3
accessbank,accessbank
AccessiWay,accessiway
AccessNow,accessnowapp
accesso,accesso
Access TCA,accesstca
Acclaro,acclaro
accor,accor
Accora,accora
Accord,accord
Accountingprose,accountingprose-hiring
ACCUMED,accumed
Accurant International,accurant
AC Disaster Consulting,acdisaster
Ace IT Careers,ace-it-careers-1
Acelab,acelab
Acentra Health,acentra-health
Acodis,acodis
Acolad,acoladgroup
"Acorn Product Development, Inc.",acorn-product-development
Acoustic,acoustic-3
Across Continents Translations,across-continents-translations
Arabic Computer Systems,acs-sa
ACT1 Federal,act1federal
Action Against Hunger,action-against-hunger
Action1,action1
actionable.co,actionable
Actionline Ltd.,actionline-ltd
Actionstep,actionstep
Activ,activ-2
Activate Interactive Pte Ltd,activate-interactive-pte-ltd
ActivTrades,activtrades
Acuity Insights,acuity-insights
Acumen Technology,acumentechnology
Acusensus Australia,acusensus-australia
Acusensus New Zealand,acusensus-new-zealand
Adamas Building Services,adamasbuildingservices
ADAPTERA,adaptera
Adare Pharma Solutions,adarepharmasolutions
Addison Lee,addison-lee-group
Adfix,adfix
AdForge Corporation,adforge-corporation
Adia,adia1
Admios,admios
Admirals Group,admirals
Adoreal,adoreal
ADROYTS™️,adroytss
AdTheorent,adtheorent-1
Francis Lofts & Bunks,adultbunkbeds
Advansys,advansys-esc-1
Advantmed,advantmed
Adverto Inc,adverto
Adzuna,adzuna-2
AE Perkins,ae-perkins
AeroCloud Systems,aerocloud-systems
Aerones,aerones
Aesen Group,aesengroup
AesthetiDocs,aesthetidocs
Aesthetix CRM,aesthetix-crm
Aethir,aethir
Aethon Energy,aethon-energy
AF | New York,af-new-york
ApexFocusGroup,afg
African Safari Group,african-safari-group
AG Barr,ag-barr
AGAD Technology,agad-technology
"AG Consulting Partners, Inc.",agcp
agenda21 Digital,agenda21-digital
Agent Vista,agent-vista
"Aggio, LLC",aggio
Agile Robots,agile-robots
Agile Actors,agileactors
Agility,agility
Dehaat,agrevolution
AGT Group,agt-group-1
Ahmed Seddiqi & Sons,ahmed-seddiqi-and-sons
AHS,ahsproperties
AHV International,ahv-international
AI Acquisition,ai-acquisition
Aidey,aidey
AidPlex,aidplex
AIDS Healthcare Foundation,aids-healthcare-foundation-1
AIDT,aidtedu
Air,air
Aira,aira
Airbeem,airbeem
AirHelp,airhelp
Airrack,airrack
AIRS Medical Inc,airs-medical-inc
Airtree Ventures,airtree-ventures
AJAIA,ajaia
Ajaib,ajaib
Ajax Distributing Company,ajax-distributing-company
AJG,ajg
AK Steel,ak-steel
Akamai,akamai
AKAT,akat
FlyAkeed,akeed
AKT London,aktlondon
Akur8,akur8
A&L Goodbody LLP,al-goodbody
Al Jomaih Energy and Water,al-jomaih-energy-and-water
AL Solutions,al-solutions-1
Al Warren Oil Company Inc.,al-warren-oil-company-inc
Alani Nu,alani-nu
ALAQTAR,alaqtar
Alaro City,alaro-city
Albert Bartlett,albert-bartlett
Albi,albi
Albireo Energy,albireo-energy
AlBorg Diagnostics,alborg-diagnostics
Alcemy,alcemy
Aldea,aldea
ALDEBARAN,aldebaran-urg
Alector,alector
Alene Candles,alene-candles
Alex Staff Agency,alex-staff-agency-careers
Alexander Dennis,alexander-dennis
Alfadocs.com,alfadocs
AlgaeCal,algaecal
AlGooru,algooru
All Day Kitchens,all-day-kitchens
AllCleared Solutions Inc.,allcleared
Allego,allego-1
ALLEN Digital,allen-digital
Allen + Shariff Corporation,allen-shariff-corporation
"Alliance Marketing Partners, LLC",alliance-marketing-partners-llc
The Alliance for Gender Equality in Europe,allianceforgenderequality
Allied Machine & Engineering,alliedmachine
Allied,alliedteam
ALLNET.ITALIA S.p.A.,allnet-dot-italia-spa
Allora,allora
Alloy Automation,alloy-automation
Alloy Partners,alloy-partners
ALL.SPACE,allspace
Allucent,allucent
Allwyn Lottery Solutions,allwynls
Allwyn North America,allwynnorthamerica
Allwyn UK,allwynuk
Alma Advisory Group,almaadvisorygroup
Almanak,almanak-blockchain-labs-ag
Alohi,alohi
Alongside,alongside-team
Alooba,alooba
Alpaca VC,alpaca-vc
AlphaHire,alphax
Alpheya,alpheya
Alpine Home Air Products,alpinehomeair
Alta Ares,alta-ares
AltaLink,altalink
ALTEN MÉXICO,alten-mexico-1
Alternative Payments,alternative-payments
Altman Solon,altman-solon
Altom Transport,altom-transport
Altruist,altruist
ALUMIL,alumil
Al-Watania Information Systems,alwatania-information-systems
Amagi,amagi
Amare Global,amare-global
Amarillo College,amarillo-college
Amartha,amartha
AMAX,amax-1
Amaze Health,amazehealth
Amazing Athletes,amazing-athletes-2
Amazon,amazon
Ambition,ambition
AMC Ro Studio,amc-studio
AMCID SOLUTIONS,amcid-solutions
Amer Sports,amer-sports
American College of Education,american-college-of-education
American Hotel & Lodging Association,american-hoteland-lodging-association
American Institute of Chemical Engineers,american-institute-of-chemical-engineers
Americana,americana-kuwait-food-company
"America's Pharmacy Group, LLC",americas-pharmacy-group
Ametris,ametris
Ametsa Packaging,ametsa-packaging
AMODA,amoda
Amplifi Capital,ampcap
Amplifier Health,amplifier-health
"Amprius Technologies, Inc.",amprius
AMV,amv
"Anand Systems Engineering Pvt.Ltd.,Mumbai",anand-systems-engineering-pvt-dot-l-td-dot-mumbai
Ninja,ananinja
"Anatomage, Inc.",anatomage
Anavah Talent,anavah-talent
ANAX Group,anax-group
AND Digital,and-digital
&FRIENDS,and-friends
Anderson Engineering,anderson-engineering
Andromeda Robotics,andromeda-robotics
Angkas,angkas
Anjuna LLC,anjuna-global
ANNA Money,annamoney
Antarctica,antarcticaglobal
Antenna Group,antenna
Anthro,anthro
Antler,antler
anton,anton
Anvil,anvil
Anvilogic Inc,anvilogic-inc
AnyRoad,anyroad
Anything,anything
Anytime Fitness,anytime-fitness-32
AnytimeFitness,anytimefitness
Anza,anza-xyz
AOC Global Services,aoc-global-services
"AOSense, Inc.",aosense
APAVE Cameroun,apave-cameroun
Aperture,aperture-london
Apex Network,apex-network-1
Apex Informatics,apexinformatics
Apex Wheels,apexwheels
APIVITA S.A,apivita
APM Monaco,apm-monaco
Aporia,aporia
Apothékary,apothekary
Appear Here,appearhere
Appier,appier
Apple,apple
Apple Restoration and Waterproofing,apple-restoration-and-waterproofing
Apple Roofing,apple-roofing
Appleseed,appleseed
Applicant System,applicantsystem
Applied Physics,applied-physics-1
Wipro Technologies,applied-value-tech
Applied Blockchain,appliedblockchain
Applied Carbon,appliedcarbon
SuperStaff,apply-superstaffjobs
AppNation,appnation
Appointy,appointy
Apprentice Now,apprenticenow
AppyWay,appyway
Apt Resources,apt-resources
aptihealth,aptihealth
APTUS HEALTH CARE,aptus-health-care
Aquaria,aquaria
Arabesque,arabesquegroup
Arabic.AI,arabicai
ASUS Robotics & AI Center,araic
"Aravo Solutions, Inc.",aravo
ARBOC,arboc
Arbonics,arbonics
Arch Aerial LLC,arch-aerial-llc
ARCHIMED,archimed
ArchiPro,archipro-3
Archistar,archistar
Architus,architus
ArchLynk,archlynk
ARCOS,arcos
ArcSite,arcsite
Arena Investors I Quaestor Advisors,arena-investors-lp
AreTheyHappy,aretheyhappy
Aretum,aretum
Arex,arex
Argent,argenthq
Aristo Sourcing,aristo-sourcing
Aristotle,aristotle
Ariva Hospitality,ariva-hospitality
ARK Group,ark-group-dmcc
Arkadium,arkadium-1
ARK Group,arkgroup
Arkham Technologies,arkham-technologies
Arkle Finance,arkle-finance
ARO,aro
Arondite,arondite
Arrakis Finance,arrakis-finance
Articulate Marketing,articulate
Arts Alliance Media,arts-alliance-media
Art Storefronts,artstorefronts
ARVO,arvo
Aryng,aryng
AS HELLAS,as-hellas
Asahi,asahi-1
Ascendis Pharma,ascendis-pharma
Ascension Publishing Group,ascension-publishing-group
Ascera,ascera
ASCO Equipment,asco-equipment
Ashbury,ashbury
Ashnik Pte Ltd,ashnik-pte-ltd
ASI Student Government,asi-student-government
Asia Alternatives Management LLC,asia-alternatives
AsiaEdit,asiaedit
Asico,asico
Asite,asite
Aspirion,aspirion-health-resources
Assala Energy,assala-energy
AssemblyAI,assemblyai
Assembly,assemblyglobal
"Asset Dedication, LLC",assetdedication
Assetnote,assetnote
assima,assima
AssistRx,assist-rx
Assistant Launch,assistant-launch
Assistantly,assistantly
Assistenza Brokers srl,assistenzabrokers
AssistIQ,assistiq
"Associated Students, Inc.",associated-students-inc
Asso.subsea,assogroup
Assurasource,assurasource
Assurity Trusted Solutions,assurity-trusted-solutions
Astor & Sanders,astorandsanders
ASTRALABS,astralabs
Astro Sirens LLC,astro-sirens-llc
Astrome Technologies,astrome-technologies
ATAK Interactive,atak-interactive
Atarim,atarim
ATC Computer Transport & Logistics,atc-driving-forward
Alphatec Spine,atec-spine
ATEMPO,atempo
Athari,athari
Athena Global Advisors,athena-global-advisors
Athlon,athlon
ATI,ati-inc
Atlantic Health Strategies,atlantic-health-strategies
Atlas Consolidated PTE Ltd,atlas-consolidated
Atlean World,atleanworld
atmio,atmio
Atria Physician Practice New York PC,atria-health
"Attainia, Inc.",attainia-inc
Attendify,attendify
Atticus,atticushq
Atticus,atticustech
Atto Trading,atto-trading
Absolute Disclosure,attorneys
ATUM Ventures,atum-ventures
American University of Bahrain,aubh
AuctionNow.bid,auctionnow
Audiokinetic,audiokinetic
AudioStack,audiostack
Augmenta,augmenta
Augmentum Fintech,augmentum
Athletes Unlimited,auprosports
Aureol Global Connections,aureol-global-connections
Auror,auror
AURORA,aurora-3
Aurora San Diego,aurora-san-diego
AUS SOURCER INTERNATIONAL PTY LTD,aus-sourcer-international-pty-ltd
Australian Payments Plus,auspayplus
Aussie Founders Club,aussie-founders-club
Australian Christian College,australian-christian-college
Australian Healthcare Associates,australian-healthcare-associates
Authenticate,authenticate
Authorium,authorium
AUTO24,auto24
Autocraft Solutions Group,autocraft-solutions-group
Autofleet,autofleet
Autohive,autohive
AutoLeap,autoleap
AutoMarket,automarketco
Automated Machine Learning,automated-machine-learning
Automattic,automattic
Automotive Management Services (AMS),automotivemanagementservices
Autonomo GmbH,autonomo-gmbh
AutoRentals.com,autorentals
AutoVitals,autovitals
Avado,avado
"Avalore, LLC",avalore
Avant Gardner,avant-gardner
Avant Tech,avant-tech-jobs
AvantePH Staffing and Consultancy Inc.,avanteph
Carta Law,avantialaw
AvantStay,avantstay
Averi,averi
Aviary,aviary
Avint,avint
AVIS Greece,avis-greece
Aviso Wealth,aviso
Aviture,aviture
AVK,avk-seg-uk-ltd
Avocet,avocet
Avolution,avolution
Avomind,avomind
Awesome Motive,awesomemotive
Awtad,awtad
Axi,axi
Axiom Software Solutions Limited,axiom-software-solution
AxiomSL,axiomsl
Axle Energy,axle-energy
Axomic Ltd,axomic-ltd
Axur,axur
AYANA Hospitality,ayana
Ayik + Berto Dental Specialists,ayik-berto-dental-specialists
Azeus Convene,azeus-convene
Azumo,azumo
Azure,azure
MORI,babymori
BACKBONE,backbone
The Back Room Offshoring Inc.,backroomoffshoringinc
Back to the Roots,backtotheroots
Bay Area Community Resources,bacr
Bad Dragon,bad-dragon
"Baesman Group, Inc.",baesman-group-inc
Bahwan Cybertek Group,bahwan-cybertek-group
Bakery Agency,bakery-agency
Balderton Capital,baldertoncapital
balena,balena
Ballinger Group,ballingerco
Ballotpedia,ballotpedia
Bananas Marketing,bananas-marketing
BandLab Technologies,bandlabtechnologies
Banff Hospitality Collective,banffcollective
Bank al Etihad,bank-al-etihad
Bank of Jordan,bank-of-jordan
Bankable,bankable
Banks Valuation,banksvaluation
Bardel Entertainment,bardel-entertainment
Barfoots of Botley,barfoots-of-botley-2
Hampton Bar Harbor,barharborhampton
Baro RH,barorh
barre3,barre3
Bartlett Wealth Management,bartlett-and-co-dot-llc
Base.com,base-com
Base58 Capital AG,base58
Basetwo,basetwo
Basis Health,basis-health-1
Bask Health,bask-health-1
Batgroup,batgroup
Battlefy,battlefy
Battlenet Gaming Stations,battlenet
Bauer Media Outdoor,bauermediaoutdoor
"Bayesian Health, Inc.",bayesian-health-careers
Bayut | dubizzle,bayutdubizzle
BB&E,bband-e-1
BBC Maestro,bbc-maestro
BBGC,bbgc
Bachmann Chemical and Engineering,bce
BCI Brands,bci-brands
Burson North America,bcw
Burson EMEA,bcw-emea
BE Power Equipment,be-power-equipment
Beam ABA Services,beam-aba
Beame,beame
BeamNG GmbH,beamng
Beanstalk,beanstalk
Beauty Industry Group GmbH & Co. KG,beauty-industry-group-gmbhand-co-kg
BeCentral,becentral-1
Beckett Collectibles,beckett-collectibles
Bedford Industries,bedford
Bedrock Learning,bedrock-learning
Beeflow,beeflow
Beekin,beekin
Behavioral Health Works,behavioral-health-works
Belmont Lavan Ltd,belmont-lavan-ltd
Belong,belong-3
Belong,belong-6
BenevolentAI,benevolentai
BEOND,beond
Open,beopen
Berg Engineering,berg-engineering
Berry Street,berry-street
Berry Virtual,berryvirtual
BestEx Research,bestex-research
Best Mobile Limited,bestmobileltd
BetAdvanced,betadvanced
Betfair,betfair
Better Reports,better-reports
BetterBe,betterbe
BetterHelp,betterhelp
Betterhomes,betterhomes
BetterSleep,bettersleep
Bevy,bevy
Beyond Petrochemicals,beyondpetrochemicals
Bezos.ai,bezos
BFAM Partners,bfam-partners
Best Friend Finance,bff
BforeAI,bforeai
Babel Film Workshop,bfw
BGC Group,bgc-group-1
Bhaasha,bhaasha
BHG Hospitality GmbH,bhg-hospitalitygmbh
Brite Ideas,bicts
Biffa Waste Services,biffa
Big Picture Medical,big-picture-medical
Big Viking Games,big-viking-games-3
BigDataCorp,bigdatacorp
BiggerPockets,biggerpockets
Bigtincan,bigtincan
Billings Flying Service,billings-flying-service
BillionToOne,billiontoone
Bindplane,bindplane
Bing,bing
Biocytogen,biocytogen
"BioFilm, Inc",biofilm-inc
Bioiatriki Healthcare Group,bioiatriki
BIOS Health,bios-3
BIOTA Smart Home,biota-smart-home
BIP Ventures,bipventures
Birdie,birdie
Bit by Bit Inc,bit-by-bit-inc
Bitaccess,bitaccess
Bitcoin.com,bitcoindotcom
Bites Media,bites-media
Bitget,bitget
Bitquery,bitquery
Bitstamp by Robinhood,bitstamp
Bitterne Park School,bitterne-park-school
BizCover,bizcover-1
Bizee,bizee
BizForce,bizforcenow
Biztory,biztory
Bjak,bjak-1
Backbone (BKBN),bkbn
BKF,bkfengineers
b_labs,blabs
Blackbird.AI,blackbirdai
Blackbullion,blackbullion
Blackline Safety,blacklinesafety
Black Spectacles,blackspectacles
Blackstone Shooting Sports,blackstone
BlackStone eIT,blackstone-eit-2
Black Tree Gaming Limited,blacktreegaming
BLANKSLATE Partners,blankslate-partners
BLAST,blast
Blevins & Co.,blevins
"Blew & Associates, P.A.",blew
Blink22,blink22-3
Blitzoo Games,blitzoo-games
Block Gemini,block-gemini
Blockchain & Climate Institute/ BCI America Inc.,blockchain-climate-institute
BlockPunk,blockpunk
Bloomfire,bloomfire
Bloomlife,bloomlife
Blu Selection Spain,blu-selection-4
Blue Altair,blue-altair
Blue Nile,blue-nile
Blue Prism,blue-prism
Blue Raster,blue-raster
Blue Stout,blue-stout
Blue Tiger,blue-tiger
Blue United Sourcing,blue-united-sourcing
BlueFlag LLP,blueflag
Bluegr Hotels & Resorts,bluegr-hotelsand-resorts
Blueground,blueground
Bluehost,bluehost
Bluelambda,bluelambda
Blueprint,blueprint-bryanjohnson
Blueprint,blueprint-health
BlueTuskr,bluetuskr
Blufox Mobile,blufox-mobile
Blyth Academy,blyth-education
Banque Misr Transformation office,bm-to
BMAT Music Innovators,bmat
BME Strategies,bme-strategies
Build My Great Team,bmgt
Bnberry,bnberry
BNM,bnm
BOI,boardofinnovation
Boca Recovery Center,boca-recovery
Bohemia Interactive Simulations,bohemia-interactive-simulations-inc
Boldr,boldr-1
BookNook,booknook-inc
Booksy,booksy-1
Bookvoice,bookvoice
BookWithMel,bookwithmel
Boost,boost
BoostDraft,boostdraft
Boostsecurity.io,boostsecurity-dot-i-o
Bootlegger Clothing Inc,bootlegger-clothing-inc
Born Digital,born-digital
Borrowell,borrowell
BOS Innovations,bos-innovations
BOSS.Gaming solutions,boss-dot-g-aming-solutions
Botpress Technologies Inc.,botpress
Botrista,botrista
Botsync,botsync-1
Boulder Housing Partners,boulder-housing-partners
Bouncie,bouncie
BountyJobs,bountyjobscareers
"BP3 Global, Inc.",bp3
BPCM,bpcm
Brainforce,brainforce
BrainHi,brainhi
Brainomix Limited,brainomix-2
Branching Minds,branchingminds
BrandBastion,brandbastion
Brannon Steel,brannon-steel
Braven,braven
Brax Realty Group LLC,braxrealty
brc,brc
BRC Group Inc.,brc-group-inc
Break Something,break-something
Breakaway,breakaway
Breakroom,breakroom
"Bremer Whyte Brown & O'Meara, LLP",bremer-whyte-brownand-omeara-llp
Bridge33 Capital,bridge33capital
Bridgeable,bridgeable
BridgeStreet Global Hospitality,bridgestreet-global-hospitality
BridgeU,bridgeu-1
Bridgit,bridgit
Bright Harbor Healthcare,brightharbor
BrightOrder Inc.,brightorder
Brightwaters Christian College,brightwaters-christian-college
Brij,brij
Brilliant Corners,brilliant-corners
Bristol Global Mobility,bristol-global-mobility
Bristol Wave Seafoods,bristol-wave-seafoods
British Ecological Society,britishecologicalsociety
Brixio,brixio
Broadlume,broadlume
Broadway Gaming,broadwaygaming
Broadwick,broadwick
Brooklyn Waldorf School,brooklyn-waldorf-school
Broughton Sanctuary,broughton-sanctuary
BRX Performance,brxperformance
Bon Secours Wellness Arena,bswarena
Builder.ai - What would you Build?,builderai
BuildingLink,buildinglink
Bully Pulpit International,bully-pulpit-international-1
Bump Health,bump-health
bun,bun
Burendo,burendo
Burke's,burkes
Burnout Brands,burnoutbrands
"Burq, Inc.",burq
Bush & Bush Law Group,bushand-bush-law-group
BusPlanner,busplanner
BusRight,busright
ButterflyMX,butterflymx
Buzz Oates,buzz-oates
Buzzbike,buzzbike
BW Energy,bw-energy
bwise Media AG,bwise-media-ag
Bydrec,bydrec
Byrider,byrider
Stadium,bystadium
C the Signs,c-the-signs
C9 Staff,c9staff
Cache Ventures,cache
Cactus,cactus
CADDi,caddi
Cadillac Formula 1® Team,cadillacf1team
Cadmus,cadmus-io
Cajoo,cajoo
Calabrio,calabrio
Calibrant Energy,calibrant-energy
Caliwater,caliwater
Caliza,caliza
Callbell,callbell
CallMiner,callminer
Callsign,callsign
Calor,calor-careers
CALPAK,calpak-1
Calvary Hospital,calvary-hospital
Cambridge GaN Devices,cambridge-gan-devices
Cambridge Healthcare Research,cambridge-healthcare-research
Cambridge Mobile Telematics,cambridge-mobile-telematics
Cambridge Spark,cambridge-spark
Camen Behavioral Services,camen-behavioral
Camino Partners,camino-partners-1
Campus Ink,campusink
Canadian Recruitment Group,canadian-recruitment-group
Canalys,canalys
Cancer IQ,canceriq
Cannon Industries,cannon-industries-2
Canopy,canopy-7
Canopy Pte Ltd,canopy-cloud
Canopy Farm Management,canopyfm
Canvas8,canvas8
Capacity,capacity-ch
Capgemini,capgemini-insurance
Capital Economics,capital-economics
Capital Factory,capital-factory
Capital Partners,capitalpartnersme
Capitex,capitex
Capture One,captureone
Capula,capula-investment-management-ltd
Caravan Appliances Pvt Ltd,caravan-appliances-pvt-ltd
Carazo Enterprise SL,carazo-enterprise-sl
Carb Manager,carbmanager
Carbo Culture,carbo-culture
Carbon DMP,carbon-dmp
CarbonPlan,carbonplan
Carbyne,carbyne-1
CareHarmony,care-harmony
Career Renew,career-renew
Career Shaper,career-shaper
CareerFoundry,careerfoundry
Careerlist,careerlist
Workable,careers
Sleek,careers-at-sleek
Circuit,careers-circuit
Imdad,careers-imdad
Six Flags Qiddiya City and Aquarabia,careers-sixflags-and-aquarabia
Activate Talent,careersactivatetalent
Landed,careerslanded
Care for the Homeless,careforthehomeless
CareSend,caresend
CARMA,carma-1
Carmoola,carmoola-1
Carnall Farrar,carnallfarrar
Carr Recruiting,carr-recruiting
Kiewit Mexico,carreraskiewitmx
Carrie Rikon & Associates,carrie-rikonand-associates
Carry1st,carry1st
Cars24,cars24
Carwow,carwow
CaryHealth,caryhealth
TheCasbah,casbah
Cascade Engineering Services,cascade-engineering-services-1
Cascadia Strategy Consulting Partners,cascadia
Casio Electronics Co. Limited,casiouk
Casting Workbook,casting-workbook-1
"Castle Park Investments, LLC",castle-park-investments-llc
Castle Trust Bank,castle-trust
CATA,cata
Catalog,catalog
Catalpa International,catalpa
Catalyze,catalyze
Catawiki,catawiki
Catchafire,catchafire
Catenate,catenate
CaterCow,catercow
CATHEXIS,cathexis
CatholicMatch,catholicmatch
Catilas Resources Limited,catilas-resources-limited
Causaly,causaly
Caxton Associates,caxton
CBH Homes,cbh-homes
CBO Group,cbo-group
CBS,cbs-9
Christopherson Business Travel,cbtravel
"CCRES, Educational & Behavioral Health Services",ccres
CCRi,ccri
CDC Data Centres,cdc-data-centres
CDC Small Business Finance,cdc-small-business-finance
CDR Companies,cdr-companies
CED Systems,cedsys
CEL Consulting,cel-consulting
Celcom Solutions Global Pvt Ltd,celcom-solutions
Celestino,celestino
CellarTracker,cellartracker
Cellply,cellply
Celmatix,celmatix
Celsius,celsius
Cenfri,cenfri
CENSUS S.A.,census-sa
Centage,centage
Centah Inc,centah-inc
Centorrino Technologies,centorrino-technologies
Downtown Houston +,central-houston-inc
Centrapay,centrapay
Centre for Information Resilience,centre-for-information-resilience
"Centric Services, Inc.",centric-services
Cepal Hellas Financial Services S.A.,cepal
CEQUENS,cequens
Cesna Recruitment,cesna-group-2
CG Life,cg-life
"CG Tech Services, Inc",cg-tech-services-inc
CGHero,cghero
CGIAR,cgiar
Chain Reaction,chain-reaction-1
ChainGPT,chaingpt
Chainlabs,chainlabs
"Challenge Unlimited, Inc.",challenge-unlimited-inc-1
Channel Factory,channel-factory
Channeltivity,channeltivity
Chapa,chapa
Chargeflow,chargeflow-1
Charger Logistics Inc,charger-logistics-inc
Charity Link,charity-link
Charity Search Group,charity-search-group
Charityvest,charityvest
Charlotte Tilbury,charlotte-tilbury
Charterhouse,charterhouse-2
Chase Design Group,chase-design-group
Chatham House,chathamhouse
Chatterboxes,chatterboxes-1
Cheil UK,cheil
Chemin,chemin
Chernoff Newman,chernoff-newman
Chesapeake Contracting Group,chesapeake-contracting-group
Chimera Securities LLC,chimera-securities-llc
Chiron Management Company,chironmanagement
Choice Property Resources,choice
Chronocam,chronocam
Chronograph,chronograph
Chuco,chuco
Chuffed.org,chuffed
Church of the City New York,church-of-the-city-new-york
Cibo Vita,cibovita
Cielo,cielo
CIeNET International,cienet
The Children's Investment Fund Foundation,ciff
CIMMYT,cimmyt-1
Cimolai Rimond Middle East,cimolai-rimond-middle-east
Cimpress,cimpress
CIMSPA,cimspa
CINC Systems,cinc-systems
Circadia Health,circadia-health
Circit Limited,circit-limited
Circle Cat,circlecat-canada
CircleLink Health,circlelink-health
Circles,circles
Circulee,circulee
CirrusLabs,cirruslabs
CirrusMD,cirrusmd
Citizens State Bank,citizens-state-bank
"CitraPac, Inc.",citrapac
City Cast,city-cast
City Fund,city-fund
City of Altoona,city-of-altoona
Citylitics,citylitics
CitySquare,citysquare
City Wide Facility Solutions,citywide
Civic,civic
Civic Elevator,civic-elevator
Civica,civica-uk-ltd-1
Civiteq,civiteq
Clarion Events,clarion-events
Claritas Rx,claritasrx
Clarity AI,clarity-ai
"Clarity Squared Behavioral, Inc.",clarity-sq-1
Classcraft,classcraft
Classet,classet
ClassWallet,classwallet
Clay,clayglobal
Clear Labs,clear-labs
Clear Junction,clearjunction
ClearlyAgile,clearlyagile
Clearpay EU,clearpayeu
Clearstory,clearstory
Clearwaters.IT,clearwaters-dot-i-t
Cleeng,cleeng-1
Clerk,clerk-dev
Clever Benefits,clever-benefits
Clickatell,clickatell
ClickView,clickview
Client Accelerators,client-accelerators
"Clients Blackbox, Inc.",clients-blackbox-inc
Climate Action,climate-action
Climate Bonds Initiative,climate-bonds-initiative
Climate Catalyst,climate-catalyst-1
ClimateWorks Foundation,climateworks-foundation-1
Climax Studios,climax-studios
Clinigen,clinigen
Cliniko,cliniko
Clipperton,clipperton
Clipt,clipt
Close Concerns,closeconcerns
CloudFactory,cloudfactory
CloudHire,cloudhire1
Cloudlinux,cloudlinux-1
CloudQuery,cloudquery
CloudShare,cloudshare
Trackier,cloudstuff
Cloudtalk,cloudtalk
Clover Food Lab,cloverfoodlab
CLUB 24 CONCEPT GYMS,club-24-concept-gyms
CLUSE,cluse
Clusus Information Solutions,clusus
Cluttons,cluttons
CMC,cmcportal
CMDC,cmdc
CMG Marketing,cmg-marketing
CMiC,cmic
Central Moloney,cmicareers
CMSPI,cmspi
CNC Agency,cnc-agency
Central New York Feeds,cnyf
Coastal Wave Recruiting,coastal-wave-recruiting
Coastal Babysitters,coastalbabysitters
Coastline Equity,coastline-equity
COBS Bread,cobs-bread-2
Coconut,coconutva
CoCreativ,cocreativ
Codasip,codasip
Code Metal,code-metal
CodeLink,codelink
CodeNinja,codeninjapk
Codi,codi
Coding Collective,coding-collective
Codurance,codurance
Cogna,cogna
Cognite,cognite
Cognito Education,cognito-education
COGNNA,cognna
coherence,coherence
CoinJar,coinjar
CoinList,coinlist
Cold Stone Creamery South Florida,cold-stone-creamery-southflorida
Infleqtion,coldquanta
Collective Residential,collectiveresidential
Collinear Group,collinear-group
COLOR,colorcreative
Comate,comate
ComeOn Group,comeon-group
"World Business Lenders, LLC",commercial-lending
Commify,commify
Common App,commonapp
Commonwealth Medical Services,commonwealth-medical-services
"CommunicateHealth, Inc.",communicatehealth-inc
Community,community-2
Community Bank of the Bay,community-bank-of-the-bay
Community Hospital Corporation,community-hospital-corporation
Community Sports Partners,community-sports-partners
CommXP IT Solutions,commxp-it-solution-ltd
Company,company
Compass Analytics,compass-analytics
Compass Education,compass-education
Complexio,complexio
Compound Growth Marketing,compound-growth-marketing
Comsys CX,comsyscx
Conares,conares
Concept3D,concept3d-dot-c-om
Concured Limited,concured-limited
Conduktor Inc,conduktor
Conjointly,conjointly
ConnectAd,connectad
Thoughtworks Canada,connected
ConnectPath,connectpath
ConnectPrep,connectprep
"Connexity | Skimlinks, a Taboola company",connexity
Conrad Athens The Ilisian,conradathens
Consigli Construction,consigli-construction-1
Consortia Group,consortiagroup
Constructor,constructor-1
ConsumerAffairs,consumeraffairs-1
CONTACT,contact
Contáctica.,contactica
test,contactually
Continuity Global Solutions,continuity-global-solutions
Continuum Resource Network,continuum-resource-network
ContinuumCloud,continuumcloud
Control Risks,control-risks-6
Converge,converge
Convergent,convergent
Convergent Energy and Power,convergent-careers
Conversate,conversate
ConvertFlow,convertflow
Convosphere,convosphere
Cookpad Ltd,cookpad
CoolGames,coolgames
Coolmath Games,coolmath
Coons Franklin Lodge,coons-franklin-lodge
Cooperidge Consulting Firm,cooperidge-consulting-firm
CoPilot Advisor,copilotadvisor
Coppett Hill,coppett-hill
Corcentric,corcentric
Core-VA Solutions,core-va-solutions
Core10,core10
Coredna,coredna
CoreSite,coresite
Coretek Services,coretek-services
Cornspring,cornspring
Corporate Immigration Attorneys,corporate-immigration-attorneys
Corporativo Lumston,corporativolumston
Cortip,cortip
ConnectOS,cos
Cosentino North America,cosentino-north-america-1
COSMO,cosmo
Cosmos Sport S.A.,cosmos-sport-s-dot-a
COSMOTE GLOBAL SOLUTIONS NV,cosmote-global-solutions-nv
Costa Navarino,costa-navarino
Costello Medical,costello-medical
Cosy Hauz A Ltd.,cosy-hauz
Cotton Clout,cottonclout
Council on Foundations,council-on-foundations
Council on Criminal Justice,counciloncj
coUrbanize,courbanize
Coventry,coventryfirst
Cover Whale Insurance Solutions,cover-whale
CoverGo,covergo
Cowboy,cowboy
CP Engineers,cp-engineers
CP PLUS ASIA SDN BHD,cp-plus-asia-sdn-bhd-1
CPAI Inc,cpai-inc
CPM Ireland,cpm-ireland
CPS,cps-4
CQS SA,cqs
Craft Gin Club,craft-gin-club
Craftsman Collision,craftsman-collision
Crayon,crayon
Crayon Data,crayon-data
Crazy Maple Studio,crazymaplestudio
CreateMe Technologies,createme-technologies
CREATEQ,createq-space
Creative Chaos,creativechaos
WebCreators.in,creators
Creatunity LLC,creatunity-llc
Credence,credence
CreditorWatch,creditorwatch
"Cresilon, Inc.",cresilon
CrewAI,crewai
CrewBloom,crewbloom
Crewlink,crewlinkltd
Creyos,creyos
CRICO,crico
Crisalix,crisalix
Critical Control,critical-control
Crop.photo,crop-photo-at-evolphin
CropX,cropx
Cross Environmental Services Inc.,cross-environmental-services-inc
Cross Border Talents,crossbordertalents
Crossfuze,crossfuze
Crowd Favorite,crowd-favorite
crowdspring,crowdspring
Crown Equipment,crown-equipment
Crown Equipment Pte Ltd (Singapore),crown-equipment-pte-ltd-singapore
Crumdale Specialty,crumdale-specialty
Crypto Finance AG,crypto-finance
Cryptonext Security,cryptonext-security
Crystal Creek Hospitality,crystal-creek-hospitality
Crystalia Glass,crystalia-glass
Crystal,crystalknows
CSN Collision,csncollision
CTO.ai,ctoai
CTW,ctw
Cube,cube-asia
Cuberg,cuberg
Cube RM,cuberm
Cubitts,cubitts-2
CubX Inc.,cubx
Cullinan Holdings,cullinan-holdings
Cumulus Vision,cumulus-vision
CUR8,cur8earth
Curated Greece,curated-greece
CurbWaste,curbwaste
Curology,curology
Current Health,currenthealth
Curvo,curvo
Cuso International,cuso-international
Customs4trade,customs4trade
CVC Credit Partners,cvc-credit-partners
CVector - Industrial AI,cvector
CWSI,cwsi
CXG,cxg
CXM Direct LLC,cxmdirect
CybelAngel,cybelangel
CyberSmart,cybersmart
Cydcor,cydcor
Cygnus Payment Solutions,cygnus-pay-careers
CYM Living LLC,cym-living
Cynch AI,cynch-ai
Cynet Corp,cynet-corp
Cyperts Digital Solution Pvt Ltd,cyperts-digital-solution-pvt-ltd
Cyrex,cyrex
D ONE,d-one
D-ploy,d-ploy
D2B,d2b-1
D2B Groups,d2b-groups
D2M SERVICES,d2mservices
DaCodes,dacodes-mx
DailyStaffWorks UAE,dailystaffworks-uae
Daito Design,daito-design
dameproducts,dame1
"Dane Street, LLC",dane-street-llc
Dangote Group,dangote
Daniels Solutions,daniels-solutions
DAOU Family Estates,daou-family-estates
Darkhive,darkhive
Darwin AI,darwin-ai
DASH Water,dash-water
DataClover,data-clover
Data Vista Inc,data-vista-inc
Datacom,datacom1
Datafied,datafied-1
DataFinch Technologies,datafinch-technologies
DataGalaxy,datagalaxy
Datamaran,datamaran
"Datamark, Inc.",datamark-inc
Datapane,datapane
Datatonic,datatonic
DataVisor,datavisor-jobs
"Data Wow Co., Ltd.",datawow
datma,datma
David Protein,david-protein
Davy,davy
DAYBREAKER,daybreaker
Dayshape,dayshape
Daystar Power,daystar-power-group
Double Stallion Games,dblstallion
Darwinbox,dbox
DC Enterprises (iLABS Inc. and Affiliated Companies:),dc-enterprises-career
DC Advisory,dcadvisory
DCOH,dcoh
DCSA,dcsa
DC Thomson,dcthomson
dcv,dcv
Debenhams Group,debenhamsgroup
Debiopharm,debiopharm
Deblock,deblock
Decathlon Singapore,decathlon-sg
Decathlon Hong Kong,decathlonhk
Decentralized Masters,decentralized-masters
Decisal,decisal
Decision Foundry,decision-foundry
Decision Associates,decisionassociates
Decisions,decisions
Decolonizing Wealth Project,decolonizing-wealth-project
Startup Creator,decondia
Deep Knowledge Group,deep-knowledge-group-1
Deep Science Ventures,deep-science-ventures
Deeplight,deeplight
Deeproute.ai,deeproute-dot-a-i
deepset,deepset
DeepSource Technologies,deepsource
"Defiance Energy Services, LLC",defiancellc
"Degy Booking International, Inc.",degy
Dekeo Services North America Inc,dekeo-services-north-america-inc
Deliver Now Logistics,deliver-now-logistics
Deloitte East Africa,deloitte-eastafrica
Delphi Care Solutions,delphi-care-solutions
Delta Consulting Company,delta-consulting-company
Delta Foods,delta-foods
Delta Hotels by Marriott Toronto Airport & Conference Centre,delta-toronto-airport
Delta-v,delta-v
Deluxe Holiday Homes,deluxe-holiday-homes
DemandTec,demandtec
Democracy Alliance,democracy-alliance
Dendra Systems Limited,dendra-systems
Dental Media Corp,dental-media-corp
Dentons,dentons-europe
"Dephy, Inc.",dephy
DeRisk Technologies,derisk
Design Shopp,design-shopp
Designer Group,designer-group-1
Deskpro,deskpro
Desmone Architects,desmone-architects
Destinus,destinusgroup
Devbridge,devbridge
Development Data Lab,development-data-lab
Devoted Studios,devoted-studios-1
Dev.Pro,devpro
Devsinc,devsinc-17
DevSquad,devsquad
Devsu,devsu
Dext,dext
Dextra,dextra
DFDL,dfdl
DGR Systems LLC,dgrsystems
Druid Hills Golf Club,dhgc-careers
Diagnostic Robotics,diagnostic-robotics
Dialectica,dialectica-global
Dialexa,dialexa
Diet ID,diet-id
DigiOutsource,digioutsource-1
digiRocks,digirocks
Digital,digital-368
Digital Aid,digital-aid
Digital Catapult,digital-catapult
Digital Control Inc.,digital-control
Digital Frontier,digital-frontier
Digital Shadows,digital-shadows
Digital Yalo,digital-yalo
DigitalGenius,digitalgenius
digitalundivided,digitalundivided
Digiterre,digiterre
dim,dim
Dimeo Construction Company,dimeo
Ding,ding
Direct Biologics,direct-biologics
Dirty Martini Marketing,dirty-martini-marketing
DISA Technologies,disa-technologies
Disability Rights Fund,disability-rights-fund
DISCO,disco
Discogs,discogs-1
Discovery Education,discoveryed
Dispel,dispel
Dispense,dispense
Displayr,displayr
Distalmotion SA,distalmotion
DistillerSR Inc.,distillersr-inc
DISYS,disys
Divar,divarjobs
Diverse Computing,diversecomputing
division50,division50
Divvy,divvy
CROSSMARK Australia,dkshsmollan
dltHub,dlthub
Delivery Mates,dmates
DMV IT Service,dmvitservice
Delaware Nation Industries,dnigov
DocMatter Inc.,docmatter-inc-2
Corto Pty Ltd,docorto
DocPlanner,docplanner
Doctify,doctify-1
Doctor Care Anywhere,doctor-care-anywhere
Dodge Construction Network,dodge-construction-network
Doehler North America,doehler-north-america
DOF,dof
Doist,doist
Doji Ltd,doji
DomainTools,domain-tools
Doman Building Materials Group Ltd,doman-building-materials
Domes Resorts & Reserves,domes-resorts
Domyn,domyn
DonationXchange,donationxchange
Donesafe,donesafe
Dopay,dopay-8
Dossier,dossier
Double Eleven,double-eleven
DoubleIP S.A.,doubleip-sa
DPG,dpg
Drake Cooper,drakecooper
Dreamdata,dreamdata
Dreamix Ltd.,dreamix-ltd
Dreamscape Learn,dreamscape-learn
Driftrock Limited,driftrock
AG1,drinkag1
"NILO BRANDS, INC.",drinknilo
PRIME,drinkprime
Driven Properties,driven-properties-1
DrivenData,drivendata
Droids On Roids,droids-on-roids-1
DroneUp,droneup
Drops,drops
Drug Hunter,drug-hunter
DRVN,drvn
Dry Farm Wines,dry-farm-wines-1
DSI-Global,dsi-global
DSI Systems,dsi-systems
Dynamic Solution Innovators,dsinnovators
Dsquares,dsquares-loyalty-dmcc
Dubber,dubber
Dubizzle MENA,dubizzlemena
Duke Corporate Education,duke-corporate-education
"Dunlop Manufacturing, Inc.",dunlop
Durham Community Health Centre,durham-community-health-centre
Durma North America,durma-north-america
DVI Solution,dvi-solution
Sunrider Europe Inc,dwed
Dyania Health,dyania-health
dYdX Operations Trust,dydx-operations-trust
Dyson Farming,dyson-farming
efood,e-food
Etraveli Group,e-travel-sa-1
E8 Engineering,e8-engineering
Eagle Eye,eagle-eye-2
Eagle Sales Corp,eagle-sales-corp
Eagle Seven,eagle-seven
Elevate and Delegate,eandd
EarthCam,earthcam
Earthlinktele,earthlinktele
Ease Solutions,ease-solutions-pte-ltd
East Bank Club,east-bank-club
Easy Auto & Sunrise Acceptance,easyauto
EatClub,eatclub
Jacob,eatjacob
EBC Group,ebcfinancialgroup
The ECA International Group,eca-global
ECAD Labs Inc.,ecadlabs
e-Careers Limited,ecareers
Echo360 Inc,echo360-inc
Echo Base,echobase-global
Echoing Green,echoing-green
Ecocem,ecocem
ecoligo,ecoligo
Ecomnova,ecomnova
"Econ One Research, Inc.",econ-one-research
ECP,ecp-123
Eden Holdings Philippines Inc.,ed3nventures
EDAG UK,edag-uk
Eden GeoPower Inc,eden-geopower
Edgility Search,edgility-search
edison365,edison365
Editas Medicine,editas
Edpuzzle,edpuzzle
Education First Consulting,education-first-consulting
Education Perfect,education-perfect
Education Outside,educationoutside
edyn.care,edyn-care
European Endowment for Democracy,eed
ESL FACEIT Group,efg
eFounders,efounders
ei3 Corporation,ei3-corporation
eight&four,eight-and-four
Eightcap,eightcap
Einsite,einsite
Ekanite Consulting,ekanite-consulting
ekar,ekar
elasticStage,elasticstage
Hellas Gold S.A.,eldoradogold
ElectraMeccanica,electrameccanica
Electric Coin Company,electric-coin-company
Electrum Software,electrum
Element,elementio
Elements,elements
Eleos Health,eleos-health
Elephant and Castle,elephant-and-castle-1
Elephant Healthcare,elephanthealthcare
Elesta,elesta
Elevate,elevate-47
Elevate,elevate-7
Elevate Semiconductor,elevate-semiconductor
Elevation Capital,elevation-capital-3
Elevation Pictures Corp.,elevation-pictures-corp
Elevatus,elevatus-2
Elior-NA,elior-na
Elior North America,elior-north-america
Elite Interpreters Asia (HK) Pte Ltd,elite-interpreters-asia-hk-pte-ltd
Ella Hotels and Resorts,ella-hotels-and-resorts
Ella Executive Search,ellaexecutivesearch
Ellinopoula Ltd,ellinopoula-ltd
Ellison Institute of Technology,ellison-institute-of-technology
Elmhurst University,elmhurst-edu
Elms Interior Design,elms-interior-design
Elmwood Brand Consultancy,elmwood
Elo,elo-health
Elsewedy Electric PSP,elsewedy-electric-psp
Eluvio,eluvio
Elve Inc,elvespeed
Elvie,elvie
ELVTR,elvtrcom
Emanuelson-Podas,emanuelson-podas
Employmate,emapply
Emaratech,emaratech-2
Ember Digital Limited,emberdigital
emerchantpay,emerchantpay
Emerging Travel Group,emerging-travel-group
Eminence Home Care,eminence-home-care
Eminent Valet,eminent-valet
Emirates Investment Authority,emirates-investment-authority
Emora Health,emora-health
Empatica,empatica
Language Empire,empire-group-1
Empiria Group,empiria-s-dot-a-hotelsand-resorts
Emplify,emplify
"Employee Owned Holdings, Inc.",employee-owned-holdings-inc
Employ,employit
Employment Hero,employment-hero
Emprise Bank,emprise-bank
EMS Healthcare,ems-group
eMushrif,emushrif
"EMW, Inc.",emw
Enable Data Incorporated,enable-data
Encoded Therapeutics,encoded
Endear,endear
Endomag,endomag
Energy Infrastructure Partners LLC,energy-infrastructure-partners
Energy Trust of Oregon,energy-trust-of-oregon
Energy Aspects Ltd,energyaspects
Energy Impact Partners,energyimpactpartners
EnerMech,enermech
Enerwave,enerwave
Enexor,enexor
Enfinity Global,enfinity-global-2
"ENFOS, Inc.",enfos-inc
Enfuse Group,enfusegroup
EngageTech,engagetechuk
EngFlow Inc.,engflow
Enigmatic Smile,enigmaticsmile
Enjins,enjins
ENOIA SA,enoiagr
enosix,enosix-1
EnrollHere,enrollhere
Enroute,enroute
EnsoData,ensodata
Entain,entaingroup
Enterfusion,enterfusion
Enterprise Electrical,enterprise-electrical
Enterprise Horizon Consulting Group,enterprise-horizon-consulting-group
Entourage,entouragevc
Entuitive,entuitive
Envalior,envalior
Envirogen,envirogen-group-uk-limited
Environment Bank,environment-bank
Envision Employment Solutions,envisiones
Envisso,envisso
Εθνικός Οργανισμός Πρόληψης & Αντιμετώπισης των Εξαρτήσεων,eopae
EO San Francisco (EOSF),eosf
"epay, a Euronet Worldwide Company",epay
EPOS,epos
EPS Consultants,epsconsultants
EQL Tech,eqltech
Equal Parts,equal-parts
Equipment Experts Inc.,equipment-experts-inc
Eram Talent,eramtalent-1
Executive Recruiting Group,erg-recruiting
Ergonia,ergonia
Education Reform Now Advocacy,erna
ERP,erp
eSalon,esalon
Esanjo,esanjo
Escape Velocity Entertainment Inc,escape-velocity-entertainment-inc
Escuela Popular,escuela-popular
"ESET Middle East, Greece & Cyprus",eset
ESG - USA,esgusa
eSkill,eskill-1
eSoftware Associates Inc,esoftware-associates-inc
Espresso Services Inc / Intermix Beverage,espresso-services-inc
Esquel Group,esquel-group
Essel,esselenvironmental
Essence Investment AG,essence-investment-ag
Estendio,estendio
ESV Accounting and Business Advisors,esv-accounting
ESV Digital,esv-digital
ETL SYSTEMS,etl-systems
Eupry,eupry-aps
Eurobank Private Bank Luxembourg SA,eurobank
Euromonitor,euromonitor
"Euronet Worldwide, Inc.",euronet
Europe Careers,europe-careers
EUROPEAN DYNAMICS,european-dynamics
European Policy Centre,europeanpolicycentre
European Wax Center,europeanwaxcenter
Eurostar International,eurostar
Eva Pharma,eva-pharma
Evaluate Group,evaluate-ltd
Eventology Marketing,eventologymarketing
Everest Ventures Group,everest-ventures-group
EverService,everservice
Everwest,everwest
Everyday Dose Inc.,everyday-dose-inc
EveryPay (Skroutz),everypay-1
Everything To Gain,everythingtogain
EVH,evh
Evidence Action,evidence-action
eVisit,evisit
Evolution Recruitment Solutions,evolution-recruitment-solutions
Evolv Technologies Inc.,evolv-technology
Evolve Security,evolve-security
Evolve Group,evolvegrp
Evolving Web,evolving-web
"EVOTEK, Inc.",evotek-1
EVRYTHNG,evrythng
Excellence Community Schools,excellence-community-schools
Excellence Health Inc.,excellence-health-inc
Excelya,excelya
Excess Baggage,excess-baggage
Exec,exec
Exoticca,exoticca
Expatriate Management Services Ltd,expatriate-management-services-ltd
Expereo,expereo
Experience.com,experience-com
Experience Senior Living,experience-sl-co
Experts Plus Recruitment Services,experts-plus
Fran's ExploreMore Travel,exploremore-with-fran
Exponent Energy,exponent-energy
XR Extreme Reach,extremereach
EXUS,exus
Egon Zehnder,ezrecruiting
Ezypay,ezypay
Fable,fable-1
Fable Data,fable-data
Fabulous,fabulousco
Facebook,facebook
Facet,facetwealth
Fahlgren Mortine,fahlgren-mortine-2
FairMoney,fairmoney
The Fairness Project,fairnessproject
Fairstead,fairstead
Falcomm,falcomm
Famoco,famoco
Fancy,fancy
Faraday Norton,faradaynorton
Faria Education Group,faria
Farm.One,farm-one
Farmacy Beauty,farmacy
Farmers Insurance - Richard Rappa District Office,farmers-insurance-rappa-district
FARMVEDA,farmveda
Faro Health Inc.,farohealth
Fasanara,fasanara
Fastbreak AI,fastbreak-ai
Fastmail,fastmail-1
Fastory,fastory
The Faulkner Automotive Group,faulkner
"Fauna, Inc",fauna
Favorite Medium,favorite-medium
Fawkes IDM,fawkes-idm
FCC Environmental Services,fcc-environmental-services
FCCN,fccn
FE fundinfo,fe-fundinfo
Feeld,feeldco
Felicity's link INC.,felicitys-link-inc-1
Felsburg Holt & Ullevig,felsburg-holt-and-ullevig
Fenergo,fenergocareers
Fengate Asset Management,fengate
FERASET,feraset
Fergus,fergus
Ferryhopper,ferryhopper
Festicket,festicket
Fetch Specialty & Emergency Veterinary Centers,fetch-veterinary
Fetchr,fetchr
FFCFC,ffcfc
Ffern,ffern-2
Fibra,fibraconsulting
Fidus Systems,fidus
Field Day,field-day
Fieldcrest Ventures,fieldcrest-ventures
Fieldfisher Belgium,fieldfisherbelgium
FieldWrk,fieldwrk
Fifty-Five,fifty-five
FillaRole,fillarole
FILRO Global Hiring,filro-global-hiring
Filtered,filtered
Filtered Technologies Limited,filtered-technologies-limited
Filtronic,filtronic
Financeit,financeit
FINARTIX Fintech Solutions S.A.,finartix
Starfish Hiring,findstarfish
Finexio,finexio
Finisterre,finisterre
Finite State,finitestate
Finnovista,finnovista
SAP Fioneer,fioneer
Fulfillment IQ,fiq
Fireflies.ai,fireflies
Firefly Health,firefly-health
Firefly Tech Oy,firefly-tech-oy
Firetrol Protection Systems,firetrol
Firnal,firnal
First Recruiting,first
First Analysis,first-analysis
First Circle,first-circle
First Focus,first-focus
First Intuition,first-intuition
First Law International sprl,first-law-international-sprl
First San Francisco Partners,first-san-francisco-partners
First Choice Finance Consultants,firstchoicefinanceconsultants
FIRST Exploration & Petroleum Development Company,firstepdcng
First Help Financial,firsthelpfinancial
Firstleaf,firstleaf
Fiscal.ai,fiscal-ai
Fishbrain AB,fishbrain-ab
Fitness On Demand,fitness-on-demand-1
Fitness Premier,fitness-premier
FITURE,fiture-holding-llc
FIVE19 Creative,five19-creative
Fixpoint,fixpoint
Flagship Food Group,flagship-premium-food-group
Flapen,flapen
FlapKap,flapkap
Flare,flare-talent
Flat6Labs,flat6labs
Flatgigs,flatgigs
Flats LLC,flats-llc
Flawless Photonics,flawlessphotonics
Fleet Healthcare,fleethealthcare
FleetPartners,fleetpartners
Flex College Prep,flex-college-prep
FlexCar,flexcarcareers
Flexcompute Inc.,flexcompute
Flexion Robotics,flexion-robotics
X-PHY,flexxon-1
Flight Group,flight-group
FLiiP,fliip
Flinks,flinks
Flip,flip
FLO EV Charging,flo-addenergie
Float.com,floatjobs
FloatMe,floatme
Floom,floom
Florence,florence-4
Florida Design Works,florida-design-works
FFP,florida-food
Florida Realtors,florida-realtors
Florida Window & Door,floridawindowanddoor
Flosum,flosum
Flowdesk,flowdesk
FLOWERBX,flowerbx
FlowX.AI,flowxai
FLS Transportation Services,fls-transportation
"Fluent, LLC",fluent
Fluentbe.com,fluentbe
FluidStack,fluidstack
Flusso Ltd,flusso-ltd
Flyability,flyability
FlyOver Canada,flyover-canada
fme Life Sciences,fme-us-llc
Facilities Management Express,fmx
Focus Group,focus-group
Focus Lab,focuslab
The Focusrite Group,focusrite
Foley,foley-carrier-services-llc
LOOP®,followloop
Fonpit AG,fonpit-ag
"Food Plant Engineering, LLC",food-plant-engineering
Food Truck Promotions,food-truck-promotions
FOODGEARS SINGAPORE PTE LTD,foodgears-singapore-pte-ltd
Foodgie,foodgie
Foodics,foodics
Food Revolution Network,foodrevolutionnetwork
"Fooji, Inc.",fooji
Footasylum,footasylum
Footprint,footprint
Forager,forager
Forbes Media,forbes-media
ForceMetrics,forcemetrics
Safesite and Foresight Insurance,foresightgroup
Forgotten Empires,forgotten-empires
FormAssembly Inc.,formassembly
Formula5,formula5
Forseven,forseven
Fortanix,fortanix
Fortify Companies,fortifycompanies
Forward March Inc.,forward-march-inc
forwardpmx,forwardpmx
Fotografiska- Premier,fotografiska
Found&Chosen,foundand-chosen
Founders Intelligence,founders-intelligence
Founders Forum Group,foundersforum
Four Sigmatic,four-sigmatic
FourthRev,fourthrevcareers
Foxbox Digital,foxbox-digital
FP Markets,fpmarkets
Fractl,fractl-1
Fred Astaire Dance Studios,fred-astaire-dance-studios-3
Freddies Flowers,freddies-flowers-1
Freebird,freebird
Freedom Leisure,freedom-leisure
FreedUp,freedup
Freedx,freedx
Freelance Latin America,freelance-latin-america
FreightTAS LLC,freight-t-a-s-llc
Fresh Gravity,freshgravity
Fresh.Land,freshland
FRESKO,fresko
Frida,fridababy
"From Day One, Inc.",fromdayone
Front Row,front-row-group
Frontier Medicines,frontier-medicines
"Frontline, LLC - Managed IT Services and IT Support",frontlineinc
Fruitz,fruitz
Fruugo.com Ltd,fruugo
Fresno Regional Workforce Development Board,frwdb
FSAA,fsaa
FSC,fsc
First Southern National Bank,fsnb
FTE Factory Advisors,fte-factory-advisors
Future Today Strategy Group,ftsg
Fuel50,fuel50
Fuelius,fuelius
Fujifilm Healthcare Europe,fujifilm-healthcare-europe
Fuku,fuku
Fullmind,fullmind
FullStack Labs,fullstack-labs
Fullstack Academy,fullstackacademy
FunPlus,fun-plus
Fun Town RV,fun-town-rv
"Functional Nutriments, LLC",functional-nutriments
Fundcraft,fundcraft
Fundify,fundify
Funding Options,fundingoptions
Funding Societies | Modalku Group,fundingsocieties
Fundment,fundment
Funnel Leasing,funnel-leasing
FunnelFuel,funnelfuel
Fuse Finance,fuse-finance
Fuse Energy,fuseenergy
Fusion Professionals Pty Limited,fusion-professionals-pty-limited
FusionHit,fusionhitjobs
Fusion Professionals,fusionprofessionals
FusionTek,fusiontek
Futurae,futurae
Future Advocacy,future-advocacy
Future Farm,future-farm
FutureLearn Ltd,futurelearn-ltd
Future Publishing,futureplc
Futuresay,futuresay
FutureSight,futuresight
Futurex,futurex-1
Futurpreneur,futurpreneur
Fuel Ventures,fv-careers
Fy!,fy
Pickle,fyxer-7
G-20 Group,g-20-advisors-ag
G MASS,g-mass
Gable,gable
GaggleAMP Inc.,gaggleamp
"Galois, Inc.",galois
gamigo group,gamigo
Ganymede,ganymede
Garmin Cluj,garmin-cluj
Gatekeeper,gatekeeper-3
Gathern,gathern
GBG,gbg
GCI Health,gci-health
GCS Technologies,gcs-technologies
GearUp2Success,gearup2success-1
Geeks on Site,geeks-on-site
Geissele Automatics Inc.,geissele-automatics-inc
ΟΜΙΛΟΣ ΓΕΚ ΤΕΡΝΑ / GEK TERNA GROUP,gek-terna
Gelato,gelato-cloud
Gemini Personnel Pte Ltd,gemini-personnel-pte-ltd
Gemmo,gemmo
GEM Technologies,gemtechnologies
Generation Esports,gene
Generation UK & Ireland,generation-uk
Generation West Virginia,generation-west-virginia-1
Generation West Virginia,generationwv
Genesis Recruiting,genesis-recruiting
Genesis Orthopedics & Sports Medicine,genesisortho
Genetec,genetec-inc
GenLayer Labs Corp.,genlayer-labs
GEN PLUS Group,genplusgroup
Genius Agency AI,genusagencyai
Genvax Technologies,genvax-technologies
Genz-Ryan,genz-ryan
Geo-Technology Associates Inc.,geo-technology-associates-inc
GeoDelphi,geodelphi
Geomagical Labs,geomagical-labs
Geoprobe Systems®,geoprobe
Georgia Dept. of Corrections,georgia-dept-of-corrections
Georgia Network to End Sexual Assault,georgia-network-to-end-sexual-assault
Gerard Search,gerardsearch
Reliance Health,get-reliance-health
Bits,getbits
Ellipsis Marketing LTD,getellipsis
Enter,getenter
Equiem,getequiem
Getir,getir
getolo GmbH,getolo
Once,getonce
GetResponse,getresponse
Service,getservice
Substance | Level Up by Substance,getsubstance
GFT,gft
Golden Gate Regional Center,ggrc
GHGSAT,ghgsat
GHOST,ghostlifestyle
Giant Pumpkin,giant-pumpkin
GigaBrands,gigabrands
Gigmo Solutions,gigmos
Gigs,gigs
Ginetta,ginetta
Girls Who Invest,girls-who-invest
Giskard,giskard
GitHub,github
GIZ-Kamerun,giz-kamerun
Gizmo,gizmo
Glass Lewis Europe Limited,glass-lewis-europe-limited
Gleamin Inc.,gleamin
George Lucas Educational Foundation,glef
Glenveagh Properties PLC,glenveagh-properties-plc
Global App Testing,global-app-testing
"Global Engineering & Technology, Inc. (GET)",global-engineering-and-technology
Global Schools Forum,global-schools-forum
Global Secure 3,global-secure-3
Global Strategic Business Process Solutions Inc.,global-strategic
Globaldev Group,globaldevgroup
Global Dimensions,globaldllc
Global Finance Teams,globalfinanceteams
Global Healing,globalhealing
Global Medical Virtual Assistants,globalmedicalvirtualassistants
Globalscape,globalscape
GlobalVision,globalvision-careers
Global Medical Virtual Assistants,gmva
Gobee Group,gobee-group
goFLUENT,gofluent-1
GoFull Inc.,gofull-inc
gogaga holidays pvt ltd,gogaga-holidays-pvt-ltd
GoGlobal,goglobal
Goin,goin
Goldair Handling,goldair-handling-s-dot-a
GoldenLine,goldenline-1
GoLeasy,goleasy
GolfSuites,golfsuites
GOLFTEC,golftec1
Goliath,goliathgroup
Golin,golin
GoMining,gomining
Goo,goo
GoodHabitz,goodhabitz
Goodtime International Entertainment,goodtime
Goody,goody
GoOpti B.V.,goopti
Goosechase,goosechase
GoReel,goreel
Gorillas,gorillas
Gotham Enterprises Ltd,gotham-enterprises
Gotu Healthcare,gotu-healthcare
GoTymeX,gotymex
Gould & Ratner LLP,gouldand-ratner
GOVX,govx
Gramian Consulting Group,gramian
Granite State Manufacturing,granite-state-manufacturing
Grant Thornton New Zealand,grant-thornton-new-zealand
Grapevine MSP Technology Services,grapevine-msp-technology-services
Graph.one,graph-one
Grassroots Carbon,grassrootscarbon
Gravity Payments,gravity-payments-1
Grayce,grayce
Graza,graza
Great Northern Way Campus Ltd,great-northern-way-campus
Greater Europe Mission,greater-europe-mission
Greater Toronto Music School,greater-toronto-music-school
GREEN GENIUS,green-genius
Green Man Gaming,green-man-gaming
Greenbacker Capital,greenbacker-capital
"Greenberg-Larraby, Inc. (GLI)",greenberg-larraby-inc-gli
Green Door Placement LLC,greendoor
Green.Earth,greenearth
Greene County Public Library,greenelibrary
Greenlife Healthcare Staffing,greenlife-healthcare-staffing-1
Greenscreens.ai,greenscreens-dot-a-i
Greentank,greentank
Greenvolt,greenvolt
Gregory's Food Service Group S.A.,gregorys-food-service-group
GRESB,gresb
Gresham Technologies PLC,gresham
Greycoat Placements Limited,greycoatlumleys
Gridcog,gridcog
"Griffin & Strong, PC",griffinand-strong-pc
Grio,grio
GRIP Personal Training,grip-personal-training
Gritter Francona,gritter-francona
Groundfloor,groundfloor
GroundTruth,groundtruth
Growth Hub Consultants,growth-hub-consultants
Growth Kitchen,growth-kitchen
Growthcurve,growthcurve-ltd
GrowthPair,growthpair
GrowthWheel International Inc.,growthwheel
GrowthX Labs,growthx
Growwr,growwr
Grupago,grupago
Grupo Medico Georgia,grupo-medico-georgia
GSSTech Group,gsstech-group
GTECH Information Technology LLC,gtech
Guess Europe Sagl,guess-europe-sagl
Guestwise,guestwise
Guidant Financial,guidantfinancial
Gunnebo Entrance Control,gunnebo-entrance-control
GXE,gxe
Gypsy Collective,gypsy
Gyroscope Therapeutics,gyroscope-therapeutics
H2 Health,h2-health
Habitat Learn Inc,habitat-learn-inc
Hack The Box,hack-the-box-ltd
hackajob,hackajob
Hadley Designs,hadley-designs
Haiqu Inc.,haiqu-inc
Hakluyt,hakluyt
Halcyon London International School,halcyon-2
Hallson Hospitality,hallson-hospitality
"Halo Industries, Inc.",halo-industries
"Halstead Management Company, LLC",halstead-management-company-llc
Hamiltonian Dynamics,hamiltonian-dynamics
Hampton Healthcare,hamptonhealthcare
"Handle, Inc.",handle-inc
HanmiGlobal Saudi,hanmiglobal-saudi
Hanna Interpreting Services LLC,hanna-interpreting-services-llc
Happy Hour Games,happy-hour-games
Happy Day Brands,happyday
HappyFunCorp,happyfuncorp-1
Harbor Lab,harborlab
Harbr,harbrdata
H&H,hardestyand-hanover
Harlem Children's Zone,harlem-childrens-zone
Harmonic Fund Services,harmonic-fund-services
Harmonic Security,harmonic-security
KAMI Workforce,harmony-cloud-systems-pte-ltd
Harriett Buhai Center for Family Law,harriett-buhai-center-for-family-law
Harvest,harvest
Haus,haus
Hawk-Eye Innovations,hawk-eye-innovations
Hayat Universal School (HUBS),hayat-universal-school-hubs
Hayfin Capital Management,hayfin-capital-management
HeadQuarters,headquarters
"Headworks, Inc.",headworks-inc
HealingUS Centers,healingus-centers
Health Care Informed,health-care-informed
Health Link Talent,health-link-talent
Healthcare Central London,healthcare-central-london
Healthcare Management Administrators,healthcare-management-administrators
HealthCorps,healthcorpsorg
Healthee,healthee
"HealthLink Dimensions, LLC",healthlink-dimensions-llc
HealthOp Solutions,healthop-solutions
HealthSnap,healthsnap
Hearth Support Services,hearth-support-services
Heartland Counseling Center,heartland-counseling-center
"Heartstrings Pet Hospice, In-Home Euthanasia & Aftercare",heartstrings-pet-hospice-in-home-euthanasiaand-aftercare
HeartyyFresh,heartyyfresh
HeavenHR,heavenhr
Hedepy,hedepy
HedgeServ,hedgeserv-1
Hefring Engineering,hefring-engineering
Helic Consultancy,helic-consultancy
Helical,helical
Hellas Direct,hellasdirect
Hello Alice,hello-alice
Hello Rache,hello-rache
Hello Sunshine,hello-sunshine
Bonsai,hellobonsai
HelloGov AI,hellogov
Help Scout,help-scout
Helper Heroes,helperheroes
HelpFlow,helpflow
Helprise,helprise-1
hemana,hemana
Hemisphere Design Works,hemispheredesignworks
HERA London,hera-london
Heraklion International Airport,heraklion-international-airport
hermeneutic Investments,hermeneutic
HERO Software GmbH,hero-software
Hertility Health,hertilityhealth
Heska Corporation,heska-corporation
Hexagon Recruitment Partners Ltd,hexagon-recruitment-partners-ltd
Hex Trust,hextrust
HGC Global Communications Limited,hgc
Handicap International,hi-jobs
Hi-Altitude Brands,hialtitudebrands
HICX,hicx-solutions
Hidden Valley Orchards,hiddenvalleyorchards
High End Hiring,high-end-hiring-3
High Street Resources,high-street-resources
High Time Foods,high-time-foods
Highbridge Human Capital,highbridgecareers
Higher Learning Commission,higher-learning-commission
Highland Spring Group,highland-spring-group
Highview,highview-power
Hike,hike
Hilbert Investment Solutions,hilbert-investment-solutions
Hilo By Aktiia,hilobyaktiia
Hind Management,hindmanagement
"Hint, Inc.",hint
Hippo Digital,hippo-digital
HipVan Pte Ltd,hipvan-pte-ltd
Hire Resolve.com,hire-resolve-the-top-recruitment-agency
Hire with Reef,hire-with-reef
Hire Fellows,hirefellows
Hireframe,hireframe
Hire Ground Talent,hiregroundtalent
HireHawk,hirehawk
"Hireio, Inc.",hireio-inc
Hiring Street,hiring-street-1
HIROTEC AMERICA,hirotec-america
Hirsch,hirsch
Hitch,hitch-careers
HITEC Power Protection,hitec-ups
Hive Healthcare,hive-healthcare
Hmlet,hmlet
HMTX Industries,hmtx-industries
HOA Talent,hoa-talent
C. Hoare & Co.,hoares-bank
HOG TECHNOLOGIES,hog-technologies
HOKALI,hokali
Holiday Extras,holiday-extras
Homa,homa-games
Home365,home365
HomeBuddy,homebuddy
Homeprotect,homeprotect
Homey,homey
Honda Indy Toronto,honda-indy-toronto
Honest Networks,honest-networks
HOOKBANG,hookbang
HOOLOOVOO,hooloovoo
Hop Labs,hoplabs
Horizon Brands,horizon-brands-group
Horizontal Digital,horizontal-digital
Hosco,hosco
Hospitable,hospitable
"Hourly, Inc.",hourly
Houseful,houseful
"HousingPlus, Inc.",housingplus-inc
Houst,houst
Houston Behavioral Healthcare Hospital,houston-behavioral-healthcare-hospital
Houston Properties Team,houston-properties-team
HowNow,hownow
Howso,howso
HR Force International,hr-force
HR One,hr-one
HR Studio,hr-studio
HR factory,hrfactory-lithuania
"HRINC(Cambodia)Co.,Ltd.",hrinc-cambodia-co-dot-ltd
HSI,hsi-1
HSO,hso
Huawei Technologies,huawei-16
Huawei Telekomünikasyon Dış Ticaret Ltd,huawei-telekomunikasyon-dis-ticaret-ltd
"Hubb, Inc.",hubb-inc
Hubble,hubble
Hubtype,hubtype
Huckberry,huckberry
Huckletree,huckletree
Huda Beauty,hudabeauty
Hudson Data,hudson-data
Hugging Face,hugging-face
Hugging Face,huggingface
HugoBank,hugobank
HumanI,human-intelligence
Human Intelligence,humanintelligence
HXP,humanitarianxp
"Human Made, makers of Altis DXP",humanmade
Humara,humara-2
Humi,humi
Hummingbird Technologies Ltd,hummingbird-technologies-ltd
Hunt St,hunt-st
Hustler Marketing,hustler-marketing
Hutch,hutch
Hutong School,hutong-school-5
Huzzle,huzzle
Hybrid Holdings (PTY) LTD,hybrid-holdings-pty-ltd
Hydrosat,hydrosat
HyperionDev,hyperiondev
HyperLight,hyperlight
Hyperon,hyperon
HyperVerge,hyperverge
hyu,hyu
I-TEKTON PRIVATE COMPANY,i-tekton-private-company
IAPWE,iapwe
IAS - the International AIDS Society,iasociety
IAV Automotive Engineering Inc,iav-automotive-engineering
IB3 Global Solutions,ib3-global-solutions
Insurance Institute for Business & Home Safety,ibhs
IBMC,ibmcid
ICARDA,icarda
ICAST,icast
ICBD,icbd-holdings
ICEYE,iceye
International Centre for Integrated Mountain Development,icimod
AD Education,icmp-6
Icona Resorts,icona-resorts
ICT PROTECT,ict-protect
iDE,ide-global
Idea Entity,idea-entity
ideali,ideali
IDEAtors Apprenticeship Program,ideatorsrecruiting
Identiv,identiv
IDEX,idex
Idoven,idoven
IDS Engineering Group,ids-engineering-group
ieso,ieso
iFAST Global Bank Ltd,ifast-global-bank-ltd
iGATE Technology,igate-technologies
iGenius,igenius
Igloo,iglooinsure
Ignite IT,ignite-33
ihateironing,ihateironing
International Institute of Tropical Agriculture(IITA),iita
Interview Kickstart,ikan
Ileg,ileg
Iliad Partners,iliad-partners
Illuma Technology,illuma-technology
illuminating asia sg pte ltd,illuminating-asia-sg-pte-ltd
ILO,ilo
"Intuition Machines, Inc.",imachines
Imandra Inc.,imandra
iMarketGlobal Inc,imarketglobal-inc
iMarketing,imarketing
IMImobile Pvt Ltd,imimobile-pvt-ltd
Immediate Media Co,immediate-media-co
immidi,immidi
Immigrant Invest,immigrant-invest-2
Immigrants Rising,immigrants-rising
Impact Clients,impact-clients
Impact Media,impact-digital-group-inc
Impact Theory,impact-theory
Impact Performance Team,impactperformanceteam
IMPACT,impactplus
Impactual LLC,impactual-llc
Improved Corporate Finance,improvedcf
IMS,ims
Inatai Foundation,inatai
INAUTALENT,inautalent
Inbox Business Technologies,inbox-business-technologies
Indeavor,indeavor
InDebted,indebted
InDelivery sp z o.o,indelivery
index,index-4
"Innovative Hematology, Inc.",indiana-hemophiliaand-thrombosis-center
Indice IT Consulting,indice
Indigo Solutions Group,indigo-solutions-group
Indiko Data,indikodata
Indra Park Air,indra-park-air
Infini Capital Management Limited,infini-capital-management-limited
InfluenceMap,influencemap
The Influencer Marketing Factory,influencer-marketing-factory
Infomineo,infomineo
Infopro Digital Services Limited,infopro-digital
Infoquest,infoquest
InfoSum,infosum
Infosys Consulting - Europe,infosys-consulting-europe
Infosys Singapore & Australia,infosys-singaporeand-australia
Infotek Consulting LLC,infotek-consulting
InfoTrack US,infotrack-us
Infuse Consulting Ltd,infuse-it
Inivos,inivos
INJ Partners,inj-partners-1
INK,ink
Inkomoko,inkomoko
Inland Family of Companies,inland-companies
InMotion Ventures,inmotion
inMusic,inmusic-1
InnerPlant,innerplant
Innocence Project,innocence-project
OPPO US Research Center,innopeaktech
Innovaccer Analytics,innovaccer-analytics
InnovaPoint Infotech Pvt. Ltd.,innovapoint-infotech-pvt-ltd
InnovationTeam,innovationteam
Innovative Rocket Technologies Inc.,innovative-rocket-technologies-inc
Innovatrics,innovatrics
Innovature BPO,innovature-bpo-2
Innowell,innowell
Inns of Aurora,inns-of-aurora
inos Hellas. S.A.,inos-hellas-sa
INSHUR,inshur
Inside Real Estate,inside-real-estate
Inside Sales Solutions,inside-sales-solutions
InsiderSecurity,insidersecurity
Insight Investment,insight-investment
Insight Timer,insight-network-inc
Insignis,insignis
Inspiroz,inspiroz1
instacar,instacar-sa
Instagram,instagram
Installation Made Easy,installation-made-easy
INSTANDA,instanda
Instant Underwriting,instant-underwriting
"Instashowing, Inc.",instashowing-inc
"Integral Resources, LLC",integral-resources-llc
Integral Group Inc.,integralgroup
Integrant,integrant
"Integrity Management Services, Inc.",integritym
IntellaTriage,intellatriage
Intellect,intellecthq
Intellectsoft,intellectsoft
Intelligent Change,intelligentchange
Intelligo Group,intelligo-group
IntelliShift,intellishift
Inter Island Manpower Pte Ltd,inter-island-manpower-pte-ltd
interactive investor,interactive-investor
Interactive Strategies,interactivestrategies
Interapt,interapt
InterCloud,intercloud
Interlaced,interlaced
International Water Management Institute,international-water-management-institute
Interocean,interocean
Interpath Advisory,interpath-advisory
INTERSEC Group,intersec-group
Intersog,intersog-na
Intertek,intertek
Interweave,interweave
Intetics,intetics-2
INTRACOM DEFENSE,intracom-defense
Intracom Telecom,intracom-telecom-2
Intropic,intropic
Intuita - Vacancies,intuita-consulting
Invest Lithuania,invest-lithuania
InvestNext,investnext
Invision AI,invisionai
invygo,invygo
IO Global,io-global
IONATE,ionate
IPConfigure,ipconfigure
IPEX Group of Companies,ipex
IPID,ipid
Integrated Protection Systems,ipssec
iPullRank,ipullrank
I.Rice & Company,irice-and-company
Ironhack,ironhack
Ironwear,ironwear
Indian River Transport,irtcareers
IRTH,irth
Irth Solutions,irth-solutions
Innovative Solutions,is
IS International Services,is-international-services
iSchool,ischool
Isla,islacare
Isotron AI,isotron-ai
ISTA Personnel Solutions,ista-2
Istorima,istorima
iT1,it1
ITAC,itac-1
ITE MGMT,ite-mgmt
iTechScope,itechscope-3
Itecor,itecor
Inspired Thinking Group (ITG),itg
Ithaca Hummus,ithaca-hummus
ITRS,itrs
Checkmate,itsacheckmate-dot-com
it's electric,itselectric
It's Pretty Hair,itsprettyhair
IV.AI,iv-ai
J. Blanton Plumbing,j-blanton-plumbing
"Jaan Health, Inc.",jaan-health-inc
Jackbox Games,jackbox-games
Jack Wills,jackwills
Jacobian,jacobian
Jacuzzi Group,jacuzzi-group
Jadeclass Education,jadeclass-education
Jaded London,jaded-london-2
Jagex: The RuneScape Company,jagex-limited
JAINAM TECHNOLOGIES PVT LTD,jainam-technologies-pvt-ltd
Jalasoft,jalasoft
Jam+,jam-4
James Allen,james-allen
James S. McDonnell Foundation,james-s-mcdonnell-foundation
Janes,janes
Jarilo Design,jarilo-design
JASARA PMC,jasarapmc
Javelin Global Commodities,javelin-global-commodities
Javelot,javelot
JCC Greater Boston,jcc-greater-boston
Jeenka,jeenka
Jeeny,jeeny
JeffreyM Consulting,jeffreym-consulting
Jehlum,jehlum
Jellyfish Group Ltd,jellyfish-group-ltd
Jellyfish Pictures Ltd,jellyfish-pictures-ltd
Jentic Technology Limited,jentic
Jenzabar,jenzabar1
Jerry,jerry
Jiffy,jiffyshirts
Jigsaw XYZ,jigsaw-xyz
JITbase,jitbase
JJ Buckley,jj-buckley
JMAC Lending,jmac-lending
JMP Securities LLC,jmp-group
Job Bridge Global,job-bridge-global-1
Jobble,jobble-4
Job Board Fire,jobboardfire
Jobgether,jobgether
Jobhire,jobhire
JOBI,jobicompany
Jobicy,jobicy
Jobint,jobint-1
JobRack,jobrack
JobSpot,jobspot-2
Support Shepherd,jobssomewhere
Xillium Professional Services,jobsxillium
JOEY Restaurant Group,joey-restaurants-1
John Brooks Company,john-brooks-company
Johnson Electric,johnson-electric-4
dahmakan,join-dahmakan
Beam AI,joinbeam
Blink - The Employee App,joinblink
Checkmate,joincheckmate1
Delta by eToro,joindelta
Genius™,joingenius
Makro PRO,joinmakropro
Remotely,joinremotely
Jomboy Media,jomboy-media
Jon Ossoff for Senate,jon-ossoff-for-senate
Jones Knowles Ritchie,jones-knowles-ritchie
Joomag,joomag
JOOR,joor
Joramco,joramco
Joss Search,joss-search
Journey Beyond,journey-beyond
Journey,journeylive
JoVE,jove
Jump 450 Media,jump450
Junglee Games,junglee-games
Juno Bio,junobio
JupiterOne,jupiterone
Just-Inspire Hospitality & Event Management,just-inspire-hospitality-and-event-management
JUST ONE | Recruitment & Executive Search agency,justone-gr
JustPark,justpark
Just Vision,justvision
K1X,k1x
K2D Strategies,k2d-strategies
K3 Business Technologies,k3btg
KAFEA TERRA FOOD AND DRINKS,kafea-terra
Kahoot!,kahoot
Kahuna Workforce Solutions,kahunaworkforce
Kaizen Asset Management Services,kaizenams
Kaliber Asia,kaliber-asia-sg
Kanopi,kanopi
Kantox,kantox
Karo Healthcare,karohealthcare
Kartu Prakerja,kartu-prakerja
"Kaseware, Inc.",kaseware-inc
Katalyst Fitness,katalyst-fitness
Kate Farms,kate-farms
Kaufman Rossin,kaufmanrossin
Kayali,kayali
Kaya,kayaventures
Kayne Anderson Capital Advisors,kaynecapital
KDA Consulting Inc,kda-consulting
"Keeper Security, Inc.",keepersecurity
Keepsafe,keepsafe
Keepthinking,keepthinking
Keller Executive Search,keller-executive-search
Kenai Therapeutics,kenai-therapeutics
Kentro,kentro
Keragon,keragon
"Kestra Medical Technologies, Inc",kestra-medical-technologies-inc
Kettle,kettle-2
Kettle & Fire,kettle-and-fire
Kettler,kettler
Keybee Hosting,keybee-hosting
Keycafe,keycafe
Keylane,keylane
Keywords Studios,keywords-intl1
"KGS TECHNOLOGY GROUP, Inc.",kgs-technology-group-inc
Kheiron Medical Technologies,kheironmed
Khibraty,khibraty
Ki,ki-insurance
Kibo Ventures,kibo-ventures-3
Kibo Ventures,kibo-ventures-4
Kickr Design,kickr-design
Kidadl,kidadl
Kido,kidoschools
Kids in the Game,kids-in-the-game
KIHOMAC,kihomac
Kindred Nurseries,kindredcareers
Kinetic Investments,kinetic-investments
Kingdom Homes,kingdom-homes
Kingmaker Limited,kingmaker-limited
KingMakers,kingmakers
Kingsley Management Inc,kingsleymanagement
Kinsta,kinsta
Kitman Labs,kitman
Kitopi,kitopi
Kitt,kitt
Kixie,kixie
Klass,klass-capital
Klearly,klearly
Kleen Test Products,kleen-test-products
KLM Careers,klm-careers-3
knok,knok
knowhirematch,knowhirematch
Knowhirematch,knowhirematch-1
Knowledge Futures,knowledgefutures
Koala,koala
Kobalt Music,kobalt-music
Kobiton,kobiton
Koda Health,koda-health
Kody,kody
Kognitive Sales Solutions,kognitive-sales-solutions
Koi,koi
Koin Limited,koin-limited
"Komodo Co., Ltd.",komodo-co-dot-ltd
Konew FinTech Corporation Limited,konew-fintech
Kooku Recruiting GmbH,kooku
Kooner Fleet Management Solutions,kooner-fleet-management-solutions
Kooth,koothjobs
Kora,koracareers
Koru UX Design LLP,koru
Korvia Consulting,korvia
KPMG in Ukraine,kpmg-ukraine
Kriya,kriya
Kroo Bank Ltd,kroo
KRUSH Labs B.V.,krushlabs
Ksisters,ksisters
KSM,ksm-hr
KSPS PBS,ksps
Kuba,kubapay
Kubicki Draper,kubicki-draper
Kubicle,kubicle
Kuda Technologies Ltd,kuda
Kudos Services,kudos-services
KPI Solutions,kueckerpulseintegration
Kuhn Aviation,kuhn-aviation
Kurt Geiger,kurtgeiger
Kyboe Watches,kyboe
KYN,kyn
Kynze,kynze
LA Clippers,la-clippers
Laba Group,laba
LaBella Associates,labella-associates
Label Your Data,labelyourdata
LabGenius,labgenius
Laborup,laborup
La Fosse,lafosse
Lago,lago-1
Laka,laka
Lakeside Software,lakeside-software
Lakshya Digital,lakshyadigitalglobal
Lamdax,lamdax
LANDBAY,landbay
LandCare,landcare-1
Landtrust Title Services,landtrust-title-services
Landytech,landytech
LanguageWire,languagewire
Lap of Love,lapoflovejobs
Laravel,laravel
Later + Mavrck,later-5
Laterite,laterite
LatinxEd,latinxed
L'Attitude Recruiting,lattitude-recruiting
Launch Finance,launchfinance
LaunchPad Lab,launchpadlab
Launchpoint,launchpointdev
Laundryheap,laundryheap-2
Lawhive,lawhive
Lawyers in Local Government,lawingov
Lawn Love,lawn-love
LawnStarter,lawnstarter
Law Offices of Sabrina Li,lawofficesofsabrinali
Lawyer.com,lawyer
Layer Labs (Cayman) Ltd.,layer-labs-cayman-ltd
Lazarus Naturals,lazarus-naturals
LBC Mortgage,lbc-mortgage
LCX,lcx
LDMS,ldms
LDX Digital,ldx-digital
LDX Digital,ldx-digital-2
Lead For America,lead-for-america
Leadfeeder,leadfeeder
Lead for NC at the UNC School of Government,leadfornc
Leadhome,leadhome
Leadling,leadling
LeadOwl,leadowlhq
Leads.io,leads-io
leadtech,leadtech
LEAP Legal Software,leap-legal-software
Learner Education,learner-education
Learnlight,learnlight
Learnosity,learnosity
LearnWorlds,learnworlds
Leena AI,leenaai
LeetCode,leetcode
Left Coast Naturals,left-coast-naturals
L,leg
Legacy Food Group,legacy-food-group
Legacy People,legacypeople
LegacyX Hiring,legacyx-hiring
LegalMatch.com,legalmatch
"LegalSifter, Inc.",legalsifter-inc
LegalVision,legalvision
Legatics,legatics
Lemon.io,lemon-dot-i-o
LendingOne,lendingone
Lendscape,lendscape
Lengow,lengow
Lenses.io,lensesio
Leo's Hospitality Group,leos-hospitality-group
Remotivate LLC,letsremotivate
"Leupold + Stevens, Inc.",leupold
LEVEE,levee
Level Group ANZ,level-group-anz
Level Agency,levelagency
LEX Diagnostics Limited,lex-diagnostics
LGBT Great,lgbt-great
LGFG Fashion House,lgfg-fashion-house-8
LGI Homes,lgihomes
"LGND AI, Inc.",lgnd-ai-inc
Libertex Europe,libertex-europe
Libertex Group,libertexgroup
"Liberty Behavioral & Community Services, Inc.",liberty-behavioraland-community-services-inc
Liberty Music PR,liberty-music-pr
Liberty Mutual Canada,liberty-mutual-canada
Liberum,liberum
Libra Solutions,libra-solutions
Lick,lick-home-ltd
Life is Good,life-is-good
Lifebit Biotech Ltd,lifebit-biotech-ltd
Lifelinks International Resources,lifelinks-international-resources
Lifely,lifely
LifeMD,lifemdcareers
Liferaft,liferaft
LifeX,lifex
Lighthouse Reports,lighthouse-reports-2
Lighthouse Games,lighthousegames
Lightmatter,lightmatter
Likewise,likewise
Limeroad,limeroad
Limetree Bay Refinery & Terminal,limetree-bay-refinery-and-terminal
Linah Group,linah-group
Lincoln Avenue Communities,lincolnavenue
Linearity,linearity
LingoAce,lingoace
Lingumi,lingumi
LinkedIn,linkedin
Lipman Pty Ltd,lipman-pty-ltd
Liquid Development,liquid-development
The London Interdisciplinary School,lisacuk
Listings Project,listings-project
Lithos,lithos
Littledata,littledata
Axure,live
Livesnap,livesnap
Living in a Bubble,living-in-a-bubble
Living Room LA,living-room-la
LIVunLtd,livunltd
LLS,lls
LM Designwerks Inc.,lm-designwerks-inc
LMG Staffing Solutions,lmg-staffing-solutions
Luminous Computing,lmns
LMW,lmw
Lighting New York,lny
Lo & Sons,loandsons
LOCAL Public Eatery,local-490
"Local Projects, LLC",local-projects-llc-1
Local Crafts,localcrafts
LocalStack,localstack
Locke Lord LLP,locke-lord-llp
LOD Technologies Inc.,lod-technologies-inc
Lodge Brothers,lodge-brothers
Lodge Management Group,lodge-management
Lodgify,lodgify
LOFT,loft
Loggi,loggi
Logical Clocks AB,logical-clocks-ab
LogicGate,logicgate
Logifuture,logifuture
LogiNext,loginext
Logistics UK,logistics-uk
Logitech,logitech
Lokal App,lokal-app
London Bridge Rooftop,london-bridge-rooftop
LondonEnergy,london-energy-1
London Film Academy,london-film-academy
London Green Cycles,london-green-cycles-lgc
Lone Rock Point,lonerockpoint
Longshot Systems Ltd,longshot-systems-ltd
Lookout Tavern,lookout-tavern
LoopMe,loopme
Lord,lord
LOTTE Travel Retail Singapore,lotte-travel-retail-singapore
"Love Strategies, Inc.",love-strategies-inc
"Love, Bonito",lovebonito
Lovingly,lovingly
Low Carbon,low-carbon
LoyaltyLion,loyaltylion-1
LPOD,lpod
LPP Greece,lpp-greece
L'Renee & Associates,lra
LRN Corporation,lrn-corporation
LTF DESIGN & MARKETING LTD,ltf-designand-marketing-ltd
Lucidya,lucidya
Luke Recruitment,luke-recruitment
Luminance,luminance-1
Luminary Group,luminary-group
Lunit,lunit
LUXASIA,luxasia
Luxico,luxico-1
Luxus Worldwide,luxus
Luxy Hair,luxyhair
LV Petroleum,lv-petroleum
LV Collective,lvcollective
Lyka,lyka
Lyst,lyst
Lytegen,lytegen-1
M-Files,m-files
m-hospitality,m-hospitality-1
M2 Engineering,m2-engineering
M247 Europe,m247-europe
M3 Global Research,m3gr
Maan Global Development,maan-global-development
MacDonald-Miller Facility Solutions,macdonald-miller
Macphie Ltd,macphie-ltd
Macropace Technologies,macropace-technologies
Mad Capital,mad-capital
Tandem,madeintandem
MADEL FOOD Ltd.,madel-food-ltd
MadeTruly,madetruly
Madwire,madwire-1
MAG (Mines Advisory Group),mag-international
MAGIC,magic-careers
"Magic Labs, Inc.",magic-labs-inc
Magic,magicrecruitment
Magic Spoon,magicspoon
Magnetic London Creative Services Ltd.,magnetic-london-creative-services-ltd
Magpie Literacy,magpieliteracy
Maid My Day Pty Ltd,maidmyday
Sinch Email,mailgun
Maintain Technology Consulting,maintain-technology-consulting
MAKAN,makan
Make-A-Wish® Illinois,make-a-wish-illinois
Maker Lab,maker-lab
Makersite,makersite
Malta International Airport plc,maltairport
Manac Trailers USA Inc,manac
Manada Technologies,manada-technologies
Managed Services,managed-services
"Mandarich Law Group, LLP",mandarich-law
Maneva,maneva
Mangone Law Firm,mangonelawfirm
Manifest Services SA,manifest-services
Manila Recruitment,manilarecruitment
Manna,manna-1
ManpowerGroup Greece,manpowergroup-greece-1
Mantis Security,mantissecurity
Maqsam,maqsam
Marabu Airlines,marabu
Marathon Talent,marathon-talent
MarBella Collection,marbella-collection
Marble,marble
March Networks,march-networks
Marchay,marchay-1
Marcura,marcura
Mari,mari-events
Marker.io,marker-io
Marks & Clerk,marksand-clerk
Marlowe Fire and Security,marlowe-fire-and-security
Huk Gear,marolina
Marshalls PLC,marshalls
Marshmallow,marshmallow
Martin Brower,martin-brower
MAS Europe,mas-europe
Mash Staffing,mash-staffing
"Grand Lodge, Masonic Homes & Acacia Creek",masonic-homes-of-ca
Massachusetts Technology Collaborative,masstech
Mast-Jägermeister US,mast-jagermeister-us
Master It Behavior Therapy,masterit-behavior-therapy
Master of Malt,masterofmalt
Master-Works,masterworksco
MasteryPrep,masteryprep
Mat3ra,mat3ra
MATCHES,matchesfashion
Mathspace,mathspace
Matific,matific
Matrix Camps and Logistics,matrix-camps-and-logistics
MATRIX Resources,matrix-resources-1
Matternet,matternet
Matthew Hoyle Financial Markets,matthew-hoyle-financial-markets-1
Mattson,mattson
Maven Pet,maven-pet
Maverc Technologies,maverctech
Maveris,maveriscareers
Maviance,maviance
MaxAccelerate,max-accelerate
Max Borges Agency,max-borges-agency
"Max AI, Inc.",maxcare
maxRTE,maxrte
Maxus Capital,maxus-capital
Maxwell Energy System Pvt Ltd,maxwellenergy
Mayors Migration Council,mayors-migration-council
Maza Financial,maza-financial
MBA CSi,mba-csi
McColm and Company,mccolm-and-company
McLane Global,mclane-global
MCS,mcs
MCS North America Inc.,mcs-north-america-inc
Mondelez International,mdlz
Mealshare,mealshare
MealSuite,mealsuite
MeanPug Digital,meanpug
Measured,measured
MEDA Limited,meda-limited
MedChart,medchart
Médecins du Monde,medecins-du-monde
MediaMonks,mediamonks
MediaRadar,mediaradar
Mediavine,mediavine
Addiction Recovery Medical Services,medical-2
Medical Guardian,medical-guardian
Medicare Singapore,medicare-singapore
Mediix,mediix-recruitment
Medowie Christian School,medowie-christian-school
MedScope Installation,medscope-installation
MedVA,medva
Medvivo,medvivo
Melco Resorts & Entertainment,melco-resorts-and-entertainment
Mellon Group of Companies,mellongroup
Melotech,melotech
Meltwater,meltwater
Mention Me,mention-me-ltd
MEPCON AUDITING & CONSULTANCY SERVICES,mepcon-auditing-and-consultancy-services
Meraki Group,meraki-global
"Mercari, inc.",mercari
"Mercari, Inc. (India)",mercari-india
Mercata,mercata
Mercenary,mercenary
Mercier Consultancy,mercier-consultancy
Mercier Consultancy Group,mercier-consultancy-group
Mesa Quantum Systems,mesa-quantum-systems
MESHKI,meshki
Mesh Systems,meshsystems
Metaculus,metaculus
Metafore,metafore-1
MetalBear,metalbear
Metaplex Studios,metaplex-studios
Meteor Education,meteor-education
Methods Business and Digital Technology,methods
Metova,metova
METRO AEBE,metro-aebe
METRUM,metrum
MFS Africa,mfs-africa
M/I Homes,mi-homes
"Michael & Associates, Attorneys at Law",michaelandassociates
Micro:bit Educational Foundation,micro-bit-educational-foundation
"Micro-Leads, Inc.",micro-leads
Microsoft,microsoft
Microverse,microverse
Middle Seat,middle-seat
Middlebury College,middleburycollege
Midea,midea-america-corp
Midnite,midnite
Midplaza Holding,midplaza
MSS,midwest-special-services
Mightybytes,mightybytes
Mikinok Enterprises,mikinok
Mila - Institut québécois d'intelligence artificielle,mila-2
Milani Cosmetics,milanicosmetics
Millennium-,millennium-5
Millennium Health,millennium-health
Miller International Inc.,miller-international
Million Dollar Sellers,million-dollar-sellers
Milo Enterprises Inc.,milo-enterprises-inc
Mimica Automation,mimica-automation
Mina Foundation,mina-foundation
Mind Friend,mind-friend
Mind Omega,mind-omega-1
MindBridge Analytics Inc.,mindbridge-analytics
Mindera,minderacraft
Mindex,mindex
Mindful Support Services,mindful-support-services
Mindgard,mindgard
Mindray North America,mindray-north-america
Mindstone,mindstone
Mind the Product,mindtheproduct
Minerva Research Labs,minervaresearchlabs
Mine Tech Services,minetechservices
Mini-O,mini-o
Minly,minly
Mint Studios,mint-studios
Mintago,mintago
MIRA- Search,mira-8
MIRA CONSTRUCTION L.L.C,mira-construction-l-dot-l-c-1
Miracle-Ear,miracle-ear
Miray Holdings,miraygroup
Misha Talent Acquisition,misha-talent-acquisition
Mission 44,mission-44
Mission Bit,missionbit
MistyWest,mistywest
Mitchell Construction Group LLC,mitchell-construction-group-llc
Mitsis Group,mitsis-group
Mixcloud,mixcloud-limited
MIYO Health,miyo-health
MLabs,mlabs
MMC Ventures,mmcventures
MMDSmart Ltd,mmdsmart-ltd
MMI - Maritime and Mercantile International,mmi-maritime-and-mercantile-international
Mo-Sys Engineering Ltd,mo-sys
MyOutDesk,mod-careers
Mod Op,mod-op
MODANI FURNITURE,modani-furniture
Modash,modash
Modern AI,modern-ai
Modern Family Law,modern-family-law-1
Modern Selections,modern-selections
MODIFI GmbH,modifi
mod.io,modio
Moesif,moesif
Momentum Services Ltd.,momentum-services-ltd
Momentum IO,momentumdesinglab
Momos,momos
Mom to Virtual Assistant,momtovirtualassistant
MON Co.,mon-co
Monadnock Construction,monadnock-construction
Monarch Quantum,monarch-quantum
Mondia Group,mondia-group
Mondu,mondu
Moneyfarm,moneyfarm
Moneyhub,moneyhub
Moneythink,moneythink
Monite,monite
Mono,mono
Mons Royale,mons-royale
MONTANA CONSTRUCTION,montana-construction
Montera,montera
Monterail,monterail
Montreal Associates,montreal-associates
Montreal Analytics,montrealanalytics
Moodle,moodle
moomoo,moomoo
Moonbug Entertainment,moonbug-entertainment
Moonshot,moonshot
more.com,more-com
More Staffing LLC,more-staffing-llc
Moreton Capital Partners,moreton-capital-partners
Morgan Fire Protection,morgan-fire-protection
Mori,mori
Moro Tech,moro-tech
Morressier,morressier
Morrey Auto Group,morrey-auto
MORROW & MORROW Medical,morrow-health
Mosaic,mosaic-app
MOSCOT,moscot
Motability Foundation,motabilityfoundation
Moth Drinks,moth-drinks
Motivo Engineering,motivo
Motor Coach Industries,motor-coach-industries
MotorK,motork
Move For Hunger,move-for-hunger
Move,move-talent
Movement Labs,movement-labs
Moxie Labs,moxie-labs
MPF Federal,mpf-federal-4
MP Solutions Ltd.,mpsolutions
MRG Exams,mrg-exams
Mrsool,mrsool-3
MS Canada,mscanada
MSI Viking,msi-viking
MSL Engineering,msl-engineering
MSNT.LLC,msnt-dot-l-lc
MSPS,msps
MSR-FSR,msr-fsr
M.S. Walker,mswalker
Meadows Urquhart,muac
Much Better Adventures,muchbetteradventures
Müller`s Solutions,mullers-solutions-1
Multigate,multigate
Multimedia,multimediacl
Multi Media LLC,multimediallc
Multiplica Talent,multiplicatalent
Mumsnet,mumsnet
Murmuration,murmuration
Murphy Research,murphy-research
Murray Franklyn,murray-franklyn
Mursion Inc,mursion-inc
Museum of Ice Cream,museumoficecream
Musixmatch,musixmatch
Mutual Mobile,mutualmobile
Muume,muume
Mvnifest,mvnifest
MVP360 Management,mvp360-management
"MWResource, Inc.",mwresource-inc
Accord,myaccord
DBSync Inc,mydbsync
MyForce,myforce
mylo,mylo-btech
Myndlift,myndlift
MySigrid,mysigrid
mySociety and SocietyWorks,mysociety
my team,myteam
Mythwright,mythwright
MyTutor,mytutor
N2O,n2o-1
n8n,n8n
NA,na2
Nacre Capital,nacrecapital
Nairtime,nairtime
NALA,nalamoney
"nanameue, Inc.",nanameue
Nanocorp AG,nanocorp
Napster,napster
Nasoft.eg,nasoft-eg
Natech ∙ Financial Software,natech
Natilus,natilus
National Fitness Campaign,national-fitness-campaign
National Western Center,national-western-center
NationSwell,nationswell-1
Nautilus Solar Energy,nautilus-solar-energy
Navarino,navarino
Navion Senior Solutions,navionsl
Navro,navro
Nawy Real Estate,nawy-real-estate
REEF,nbrhd
NCG Associates,ncg-associates
National Company For Learning & Education,ncle
Ndax Canada Inc.,ndax
nDreams Limited,ndreams
NearNow,nearnow
NEAT Method,neat-method-careers
Nectafy,nectafy
NEF,nef
Neg Earth Lights Ltd,neg-earth-lights
Nelson Education LTD,nelson-education
Neo Group,neo-gg
Neo Technologies,neo-tech
NEON Rated,neon-rated
NeoReach,neoreach
NeoWork,neowork
Nestle Waters North America,nestle-waters-north-america
Net Natives,net-natives-7
G+D Netcetera,netcetera
Netguru,netguru
NetImpact Strategies,netimpactstrategies
Netradyne,netradyne-1
NetX,netx
NeueHouse,neuehouse
NeuGroup,neugroup
Neural Magic,neural-magic
NeuralFlex AI,neuralflex-ai
NeuTalent,neutalent
Neutreeno,neutreeno-1
New Disabled South,new-disabled-south
New Flyer,new-flyer
New York Football Giants,new-york-football-giants
New York Life,new-york-life-60
New York Life,new-york-life-63
New York Life Iowa office,new-york-life-iowa-office
Newcode.ai,newcode
New Energy Nexus,newenergynexus
New Home Star,newhomestar
New Oakland Family Centers,newoakland
Newrich Network,newrich-network
NewsBreak,newsbreak
Newstaff Employment Services,newstaff
Newton,newton-europe
Next Job Abroad,next-job-abroad
Nextern,nextern
Nexus Studios,nexusstudios
Nexvel,nexvelsolutions
Neybox Digital Ltd.,neybox-digital
NFI Group Inc.,nfi-group-inc
nGeneration,ngeneration
National Health Foundation,nhfca
Nido Living,nidoliving
NiftyApes,niftyapes
Nile Fresh (Pty) Ltd,nile-fresh-pty-ltd
Nillion,nillion
nimbyx,nimbyx
NIN Delivers,nin-delivers
NineTwoThree AI Studio,ninetwothree-ai-studio
Ninja Theory,ninja-theory
Nippon Express Europe GmbH,nipponexpress
Nippon Shokken U.S.A. Inc.,nipponshokkenusa
Nitor,nitor
Nitrogen,nitrogenwealth
NIVA Health,niva-health-2
NLPatent,nlpatent
NNC.,nncpr
NobleAI,noble-ai
Noble of Indiana,noble-of-indiana
Noble People,noble-people
Nobox Aviation Recruitment,nobox-hr-outsourcing-solutions
NoGigiddy,nogigiddy
NoGood,nogood
_nology,nology
Nomad Atomics,nomad-atomics
Nomad,nomadglobal
Nood,noodists
Noramtec Consultants,noramtec-consultants
norbloc AB,norbloc-se
Norfolk County,norfolk-county
Norgine,norgine-2
NORIT Activated Carbon,norit
Normally,normally
North Park University,north-park-university
Northern Architectural Systems,northern-architectural-systems
Northern California Behavioral Health System,northern-california-behavioral-health-system
Northramp LLC,northramp
Northstrat,northstrat
Northzone,northzone
Notion Capital,notion-vc
Nottingham Spirk,nottingham-spirk
Noun Inc.,noun-inc
Nova Wealth,nova-wealth
Novacom Building Partners,novacom
NovaFori,novafori
NOVA,novainstall
Novasign,novasign
November Five,novemberfive
"Novex, LLC",novex-llc
Novibet,novibet
Novo Holdings,novoholdings
Novo Nordisk Foundation,novonordiskfoundation
novoville,novoville
NOW Courier,now-courier-ic
Nowlun,nowlun
NowVertical,nowverticalgroup
NQC,nqc
Neal R Gross & Co,nrgco
Nu Quantum Ltd,nu-quantum
Nuada,nuadaco2
Nuclera,nuclera
Numo Hotels & Resorts,numo-hotelsand-resorts
Nuovo Photography,nuovophotography
NUS Enterprise,nus-enterprise
nutpods,nutpods
Nutrition International,nutritionintl
Nuvani London,nuvani-london
Nuvei,nuvei
NuvoLogic Consulting,nuvologicconsulting
New York City Tourism + Conventions,nyctourism
NYNN,nynn
New York Zen Center for Contemplative Care,nyzc
Oak Ridge Tile and Home,oak-ridge-tile-and-home
Oak Engage,oakengage
OBDeleven,obdeleven
Oblivious,oblivious
Obrela,obrela-security-industries-sa
Ocean Outcomes,ocean-outcomes
Oceans,oceansxyz
"OCT Consulting, LLC",oct-consulting-llc
Octopus HR,octopushr
ODEL,odel
Odeon Capital Group,odeon-capital-group
Odin Mortgage,odin-mortgage
ODK Media,odk-media
ODORZX INC.,odorzx
Online Education Services,oes
Office,office
Offline,offline
Ofload,ofload
OGARAJETS,ogarajets
Ogilvy Greece,ogilvy-greece
O'Hagan Meyer,ohagan-meyer
Ohalo,ohalo
O'Hara Corporation,ohara-corporation
"OhmniLabs, Inc",ohmnilabs
Oikonomakis Law Firm,oikonomakis-law-firm
OKTO PAYMENTS,oktopayments
Old South Carriage Co,old-south-carriage-co
Old Mill,oldmill
Oliva,oliva1
Olive,olive
Ombori,ombori-career
Omen,omen
Ometria,ometria
Omilia,omilia-natural-language-solutions-ua-ltd
Omnipresent,omnipresent-group
Omron Asia Pacific Pte Ltd,omron-asia-pacific-pte-ltd
Beam,onbeam
ONE2ONE Inc.,one-2-one-computer-services-inc
One Of Us,one-of-us
One Park Financial,one-park-financial
ONE Sotheby's International Realty,one-sir
Onedersquad,onedersquad-1
OneImaging,oneimaging-1
OneIMS Group,oneims
OneOcean,oneocean
OnePlus North America,oneplus-north-america
Onera Health,onera-health-1
Oner Active UK Ltd,oneractive
OneSpace,onespace
ONETRACK.AI,onetrack
Oneview Healthcare,oneview-healthcare-plc
Onfido,onfido
Online Marketing Gurus,onlinemarketinggurus
Onlock,onlock
OnLogic,onlogic-inc
OnlyExperts,onlyexperts
OnMed,onmed
Onomondo,onomondo
OnScale,onscale
Onside,onside
Ontime Healthcare,ontimedubai
Onyx Capital Group Limited,onyx-capital-group
OnZero,onzero
OOCA,oocahq
Opal,opal-labs
OpenDataJobs,opendatajobs
OpenFn,openfn
OPENLANE Europe,openlane-europe
OpenMined,openmined
Opensignal,opensignal-limited
OpenSymmetry,opensymmetry
OpenWorks Engineering,openworks-engineering
Oppizi,oppizi
Optasia,optasia
OPTASY Inc.,optasy
optiBPO,optibpo
Optime Group,optimegroup
Optimiza,optimiza-4
Optimizon,optimizon
OptiSigns Inc.,optisigns-inc
OptiTrack,optitrack
Opus 2,opus2
Oxford Quantum Circuits,oqc
Orbital,orbital-witness-limited
Orchard Therapeutics,orchard-therapeutics
Order Desk,orderdesk
OrderMyGear,ordermygear
Oredata Yazılım Anonim Şirketi,oredata
Orfium,orfium
Orgmento,orgmento
Orgvue,orgvue
Origin,origin-10x
Origin Primary Limited,origin-primary-limited
Orion Health,orion-health
Orlando Informer,orlando-informer
Ortus Health,ortushealth
Orum,orum
Outsourcing Advantage,osa
OSEA,osea
"Open Systems International, Inc. (OSI)",osii
OSL,osldotcom
Osool Integrated Real Estate.,osool-1
OneTouch Direct,otdcareers
Othaim Holding,othaim-holding
OTK Media,otk-media
Otoqi,otoqi
Ottimate,ottimate
Our Future Health,our-future-health
Oura,oura-health-ltd
Our Home,ourhomesnacks
Outdoorsy,outdoorsy
Outfund,outfund
Outlier.org,outlier-dot-o-rg
Outsource Access,outsource-access
Outward,outward
Outwork Staffing,outwork-staffing
Over The Moon,over-the-moon-1
Oversee,oversee-1
Overwatch Construction Management,overwatchcm
owl.co,owl-dot-co
Owlet Baby Care,owlet-baby-care-1
Own,own
Own Up,own-up
Oxford Ionics,oxford-ionics
Oxford Quantum Circuits,oxford-quantum-circuits-8
Oxford University Innovation,oxford-university-innovation
Ozone API,ozoneapi
P3 Logistic Parks,p3-parks
Pachama Inc,pachama
Pacific Defense,pacific-defense
Pacific Health Group,pacific-health-group
Pacific Aviation,pacificaviation
Packback,packback
Packlane,packlane
Packt,packtpublishing
Pact Coffee,pact-coffee
Pactera Singapore Pte Ltd,pactera-singapore-pte-ltd
Page Vault,page-vault
Paired,paired
Paired,pairedrecruiting
JazzWorld,pakistan-mobile-communication-limited-pmcl
Pakistan Single Window,pakistan-single-window
Paleovalley,paleovalley-1
Paleovalley & Wild Pastures,paleovalley-wildpastures
Palm Venture Studios,palm-venture-studios
PalmHR,palmhr
Palona AI,palona
Palo Alto Mind Body,pamb
Pan American Grain,pan-american-grain
PandaTree,pandatree
Panelmatic,panelmatic-inc
Pangaia,pangaia
Panic Stations,panic-stations
Paper Giant,papergiant
Paperpile,paperpile
Paper Tiger,papertiger
Papier,papier
Papoutsanis SA,papoutsanis-1
Paradigm Power Delivery Inc.,paradigm-pd
Paragon Cyber Solutions,paragoncybersolutions
Paragraf,paragraf-1
Parallelz,parallelz
Paramount Commerce,paramount-commerce
Parcion Private Wealth,parcion-private-wealth
Pardon,pardon
Pareto Publishing - Make The Magic Happen,pareto-publishing
"Park Place Finance, LLC",park-place-finance-llc
PÄRLA,parla
Parman Energy,parmanenergy
Parrot Analytics,parrot-analytics-4
PARS Therapy,pars-therapy
PARTALE,partale-talent
Partech,partech
Partech Partners,partechpartners
Partner One Capital,partner-one-capital
PartnerCentric,partnercentric
PASHA Holding,pasha-holding
Passage,passage
Passionfruit,passionfruit
Passion.io,passionio
Pass the Keys,passthekeys
Patchstack,patchstack
Path Construction,path-construction
Pathlight School / Autism Resource Centre (Singapore),pathlight
Pathway,pathwaycom
PatientIQ,patientiq
Patients Know Best,patients
Patriot Software,patriot-software
Patrique Mercier Recruitment By Cyriel,patrique-mercier-recruitment-1
Patrique Mercier Recruitment By Nellie,patrique-mercier-recruitment-fr
Pavago,pavago
PAXT,paxt
Payability,payability
payabl.,payabl
Payfuture,payfuture
Paylidify,paylidify
Paysure,paysure
PeachPay,peachpay
PeakMade Real Estate,peak-made
Peak Management,peak-management
Peaksware,peaksware
Pearl Abyss Europe,pearlabyss-europe
Pearl,pearltalent
Pecan Ai,pecan
PT Pegadaian (Persero),pegadaian
Pele Energy Group,pele-energy-group
Pele Soccer,pelesoccer
Pelesys Learning Systems Inc.,pelesys-learning-systems-inc
Penn Mutual Life Insurance,pennmutual
Penny AI,penny-ai
PenPal Schools,penpal-schools
PIC,pension-services-corporation-limited
People In Need,people-in-need-2
People Puzzles Ltd,people-puzzles-ltd
People for UNDP,people4undp
PEOPLECERT,peoplecert
People Powered,peoplepowered
peopleworth,peopleworth
Pepper,pepperbodyinc
The Fashion Goat Pty Ltd,peppermayo
Pepperstone,pepperstone
Perch,perch-3
Perci Health,percihealth
Pereview Software,pereview-software
Performance Technologies,performance-technologies
PerformYard,performyard
Perlego,perlego
Perry Homes,perryhomes
Perry Weather,perryweather
Persado,persado
Persimmons,persimmons-ai
PERSUIT,persuit-1
PETBUDDY AB,petbuddy
PetLabCo.,petlab-co
PetroApp,petroapp
Petrotec Group,petrotec
Petsource Asia Limited,petsource-asia-limited
Prop Firm Match Global – FZCO,pfm-global-fzco
"Pure Ground Ingredients, Inc.",pgi-organics
PGTEK,pgtek
PHĀEA,phaea
Pharmathen,pharmathen
Phasecraft,phasecraft-1
Phasor Engineering Inc,phasorengineering
"Phil, Inc",philinc
Phillips Consulting,phillips-consulting
Phillips Corporation,phillips-corporation
Phocas Software,phocassoftware
Phoenix Home Care and Hospice,phoenix-home-care-and-hospice
Phoenix Software,phoenix-software
Photobooth Supply Co,photoboothsuppplyco
PhotoShelter,photoshelter
Physera,physera
PicassoMD,picassomd
Pierce Technology Corp,pierce
Piggy,piggy
Pilcrow,pilcrow
Pilot,pilot
Pinata,pinata
Pineapple | Virtual Assistant Hub,pineapple-staffing
Pinefield Industries Ltd,pinefield
Pinely,pinely
Pinewood.AI,pinewoodaicareers
Pink Joint,pink-joint
Pinkston,pinkston
Pinnacle Middle East,pinnacle-middle-east
Pinterest,pinterest
Pipeline Gurus,pipeline-gurus
Piraeus Bank,piraeus-bank
Pirata Group,piratagroup
PIRATE,pirate-studios
Pitch Marketing Group,pitch-marketing-group
Pitch,pitch-software
Pitchbox,pitchbox
Pitchero,pitchero
PIVOT Agency,pivot-agency
Pix4D,pix4d
"Pixelogic Media Partners, LLC",pixelogicmedia
Pixlr Group,pixlrgroup
Places For Less,places-for-less
Placewise,placewise
Plain,plain
Plain Concepts,plainconcepts
Plaisio Computers S.A.,plaisio-careers
Plan A,plana
Planet.fans,planet
PLANET S.A.,planet-sa-1
Planet S.A.,planet-sa-international
PlanetArt,planetart
Platinumlist,platinum-list
Platzi,platzi
Playfair,playfair
Mirai Arabian International Company Limited,playmirai
Please Assist Me,please-assist-me
Partnership for Large Election Jurisdictions,plej
Plume Labs,plumelabs
Plumerai,plumerai
Plutra Quantitative Trading,plutra-quantitative-trading
PM2CM,pm2cm
Parimatch Tech,pmtech
Podia,podia
Pogust Goodhead,pogustgoodhead
Polaron,polaron
Pole Star Global,pole-star-1
PolicyStreet,policystreet
Polonord Adeste Srl,polonord-adeste-srl
PolyAI,poly-ai
pony.ai,pony-dot-ai
POOLHOUSE,poolhouse
Popmenu,popmenu
Porkepic Solutions,porkepic
Porsche Asia Pacific,porsche-asia-pacific
Porsche Cars GB Ltd,porsche-cars-gb-ltd
Portainer.io,portainer
Portless,portless
PortSwigger,portswigger
PostHog,posthog
Postman,postman
Povio,povio
Power Factors,power-factors
PowerLines,powerlines
Powtoon - A Visual Native company,powtoon
Practi,practihealth
Praecipio,praecipio
PRAN GROUP AB,prangroup
Pravaler,pravaler-1
Praytell,praytell
Precoa,precoa
Predoc,predoc
Premier Foods Asia,premier-foods-asia
Premium Merchant Funding,premium-merchant-funding-3
Premium Solutions Consultancy,premium-solutions-consultancy
Prenda,prenda
PrePass,prepass
Pressed Roots,pressed-roots
PressReader,pressreader
Prestage,prestage
PreStocks,prestocks
Prevail,prevail
PwC Greece,pricewaterhousecoopers-business-solutions-s-dot-a
Prima Assicurazioni,primait
Prime Robotics,prime-robotics-1
Prime System Solutions,prime-system
Prime,primeglobalpeople-join-us
Printec,printec
Printfresh LLC,printfresh
PriorityChef,prioritychef
Prism Consulting Group Singapore,prism-consulting-group-singapore
"Prisma International, Inc.",prisma-3
PRISM+,prismplus
Privy,privy-2
Privyr,privyr
Pro Aims Resources,pro-aims-resources
Proactive Health,proactive-health
Proactive Talent Solutions,proactive-talent-solutions
Proactive Technology Management,proactive-technology-management
ProArch,proarch-3
Prochant US,prochant-us
ProCook,procook-1
ProdPad,prodpad
Productio,productio
PRODYNA,prodyna
Professional Physical Therapy,professional-pt
Proficio,proficio-inc
Profile Software,profile-sw
ProfitCoach,profitcoach
ProgressSoft,progressoft
ProjectFitter,projectfitter
Prolific,prolific-world
Prolucid Technologies,prolucid-technologies
Prominence Advisors,prominence-advisors
PROMO Fund,promo-fund
ProNexus,pronexus-1
PROPERTYLIMBROTHERSMEDIA PTE. LTD.,propertylimbrothers
proSapient,prosapient
Prosci,prosci
prosource.it- Americas,prosource-dot-i-t
ProspHire,prosphire
Prosync,prosync
Protec Dental Laboratories Ltd,protec-dental-laboratories
Protera,protera
ProtoTech Solutions & Services Pvt Ltd,prototech-solutions-and-services-pvt-ltd
Provider1st,provider1st
Proximity Works,prox-works
Proxxi Technology,proxxiband
Proxymity,proxymity
PRX,prx
Psychology Today,psychology-today
PT Link Net Tbk,pt-link-net-tbk-1
pubGENIUS,pubgenius-1
Pubguard,pubguard
Public Cyprus,public-cy
Public Digital,public-digital-1
Public Group,publicgroup
Publishers Clearing House,publishers-clearing-house
"Pulse Labs AI, Inc.",pulse-labs
Pulse Games,pulsegames
PulseHire HR,pulsehire-fze
PURE Yoga,pure-yoga
Purely Optimal Inc.,purely-optimal-inc
Purple,purple-wifi
Puulse Marketing,puulse-marketing
PXGEO,pxgeo
Pixomondo,pxo
pymetrics,pymetrics
Q ENERGY,q-energy
Q5,q5-partners
Qatalog,qatalog
"QbDVision, Inc.",qbdvision
Safety-Care by QBS,qbs-provider-of-safety-care
QCP,qcp-group
Qiddiya Investment Company,qiddiya-investment-company-1
Qoala,qoala
Beyond,qodea
Qode,qodeworld
Quant Master Servicer S.A.,qquant-master-servicer-sa
QRA Corp,qracorp
"quadric, Inc",quadric-dot-i-o-inc
Quaestus Leadership Innovators,quaestus-1
QUALCO,qualco
Qualco Group,qualcogroup
QualDerm Partners,qualderm-partners
Qualee,qualee
Qualicom,qualicom
Qualio,qualio
Qualis LLC,qualis-corporation
Qualitest,qualitest-1
Quality People,quality-people
Quandela,quandela
Quanta Canada Renewables,quanta-canada-renewables
Quantexa,quantexa
QuantHub,quanthub
Quantic School of Business and Technology,quantic-1
Quanticate,quanticate
Quantis,quantis
Quantum Fuel Systems LLC,quantum-fuel-systems-llc
Quartic.ai,quartic-ai
Quasar,quasar
Queen Anna House of Fashion,queen-anna-house-of-fashion
Questronix Corporation,questronix-corporation-2
Queueco,queueco
Quick Release,quickrelease
QuickStarter,quickstarter
QuickTeam,quickteam
Quik-E Foods,quikefoods
The QUIKRETE® Companies,quikrete
Grupo QuintoAndar,quintoandar
Broadpin,quistor
Quizizz,quizizz
Quona Capital,quona-capital-llc
Quontic,quonticbank
qurba,qurba
Qwinix,qwinix
R2Net,r2net
Race Communications,racecommunications
Racing Breaks,racingbreaks
Radiant Hospitality Company,radiant-hospitality
Konica Minolta Sensing Americas,radiant-vision-systems
Radley Yeldar,radley-yeldar
Raft,raftai
Rail Delivery Group,rail-delivery-group
Rainmaking,rainmaking-innovation
Rallye Motor Company,rallye-motors
RAM Investment Advisors Limited,ram-investment-advisors-limited
Rand Europe,rand-europe
Rankings.io,rankings
Rankona Mazon AB,rankona-mazon-ab
Rapid Home Service Group,rapidhsg
Rapsodo,rapsodo
Raptee Energy,raptee-energy
Rapyuta Robotics,rapyuta-robotics
Rasid Holding Company,rasidholding
Raspberry Pi,raspberrypi
Raspberry Pi Foundation,raspberrypifoundation
RateHawk,ratehawk
"Raths, Raths & Johnson, Inc.",raths-raths-and-johnson
RAVE Aerospace LLC,raveaerospace
Ravelin,ravelin
Raw Signal Group,rawsignalgroup
RDI,rditrials
Re7 Capital,re7-capital
Rea,reaadvisory
REACH,reach-europe
Ready to Grow Gardens,readytogrowgardens
REAL DEV INC,real-dev-inc
The Regina Exhibition Association Limited,real1884
RealAdvisor S.A.,realadvisor
The Really Great Teacher Company,reallygreatteachers
Real Python,realpython
Realtime Robotics,realtime-robotics
REAPRA PTE. LTD.,reapra-pte-ltd
Rebellion,rebellion
REBORRN,reborrn
RecargaPay,recargapay
Recite Me,recite-me
Recover Medical Group,recover-medical-group
"Recovery Partners, an ARMStrong Company",recovery-partners
SBP,recruitamc
Recruit Loop,recruitloop
Recurly,recurly
Red Cedar Solutions,red-cedar-solutions
Red Airship,redairship
RedLion Mobile,redlion-mobility
Redox,redox
Redpoint Global Inc.,redpointglobal
REDspace,redspace
REE Medical,ree-medical
"Reebok International, Ltd",reebok
REEDS Jewelers,reeds
Reedsy,reedsy
Refloor,refloor
Reform,reform
REGEX SEO,regexseocareers
Regional Airline Association,regional-airline-association
Relationship Therapy Center,relationship-therapy-center
Releaf,releaf-uk
Reliant AI,reliant-ai
Relm Insurance,relminsurance
Rely Health,rely-health
Remegen Biosciences,remegenbio
ReminderMedia,remindermedia
Remote Raven,remote-raven
Remote Recruitment,remote-recruitment
Remote Talent Cloud,remote-talent-cloud
Remote Talent LATAM,remote-talent-latam
Remote VA,remote-va
Remotebase,remotebase
RemotePass,remotepass
RemotivateJobs,remotivatejobs
Renew Home,renewhome
Renmoney,renmoney
Reno Orthopedic Center,reno-orthopedic-center
Renovco Inc,renovco
Rentokil Initial,rentokil-initial
reqroo,reqroo
RES Consultant Group,res-consultant-group
Research Collaborative,research-collaborative
Resident Advisor,resident-advisor
Resola Inc,resola
Resonate Solutions,resonate-solutions
Resource Guru,resource-guru
Resource Innovations,resource-innovations
Resources Legacy Fund,resources-legacy-fund
Respect,respect
Respiris,respiris
ResPro Health,respro-health
Resultance,resultance
Resy,resy-1
Retail Circle,retail-circle
Retail knights limited,retail-knights-limited
RetinAI Medical,retinai
Retirement Villages Group,retirement-villages-group
Revaya,revaya
Reveal Health Tech,reveal-health-tech
ReversingLabs,reversinglabs
Revive Media,revive-media
Rewardsco,rewardsco-3
Rewiring America,rewiring-america
ReWorks Solutions,reworkssolutions
REX Architecture,rex-architecture
Rezilient Health,rezilient
RFI Global,rfiglobal
Rgheeb,rgheeb-1
Rhino Entertainment Group,rhino-entertainment
Rhino Africa,rhinoafrica
Richpanel,richpanel-1
100%,ride100percent
Ride Health,ridehealth
Rightangled,rightangled
Right Hook Digital,righthookdigital
RightSite Health,rightsite-health-1
Rimkus,rimkus
Ripjar,ripjar
RISE Robotics,rise-robotics
Rising Academies,rising-academies
Rising Medical Solutions,rising-medical-solutions-1
Rising Edge Group,risingedgegroup
Ness Digital Engineering,risk-focus-global
Rive,rivecareers
River Cleanup,river-cleanup
Riverlane,riverlane
Riverside Insights,riverside-insights
Riviana Foods,riviana-foods
RIXO,rixo
RLJ Lodging Trust,rlj-lodging-trust
"RMF Engineering, Inc",rmf-engineering-inc
Rmkble,rmkble
RNA Analytics,rna-analytics
Roamly,roamly-2
Roarington,roarington
Roark Capital,roark-capital
Robeaute,robeaute
Robotec.ai,robotec-ai
robusta,robusta
RockawayX,rockawayx
Rocket.net,rocket-dot-n-et
RocketAMS,rocketams
Rock Petroleum,rockpetroleum
Rockstar,rockstar-3
Rocky Talkie,rocky-talkie
ROI Hunter,roi-hunter
Rokt,rokt
Roljobs Technology Services Pvt. Ltd.,roland-associates
Rolescale.com,role-scale
ROLLER Software,roller-software
Rolling Arrays - Consulting,rolling-arrays-consulting
Rolling Arrays Technologies,rollingarrays-tech
Roote,rooteco
Roster,roster
Roundtrip,roundtrip-travel
Routable,routable
RouteSmart Technologies Inc,routesmart-technologies-inc
Royal Ocean Marine,royal-ocean-marine
Royalty Hospitality Staffing,royalty-hospitality-staffing-1
Roy's Towne Pub,roys-towne-pub
RPM Ltd,rpmltd
RSA Global,rsa-global
RTM Business Group,rtm-business-group
Runna,runna
Runware,runware
Runway East,runway-east
Rushable,rushable
Rutledge Healthcare,rutledge-healthcare
Ruvixx,ruvixx
RxData,rxdata
RXP,rxp
Ryanair,ryanair
Rydoo,rydoo
RYNO Strategic Solutions,ryno-strategic-solutions
RYSE Inc,ryse
Rystad Energy,rystad-energy
Stage 3 Separation,s3s
Saaf Finance,saaf-finance
Saalex,saalex
SAEKI,saeki
Safe Direction,safe-direction
Safran Engineering Services UK Limited,safrangroup
SAGA Diagnostics,saga-diagnostics
Sago,sago-group
Saibber LLC,saibberllc
SalesCaptain,salescaptain
SalesFit Staffing Solutions,salesfit-staffing-solutions
Salesfolks,salesfolks
Saleshub,saleshub
Salina,salina
Salla,salla
Salt Technologies,salttechno
Sam,sam-18
Sama,samacoaching
SamCart,samcart
SAMI Navantia,saminavantia
Samsung SDS America,samsung-sds-america
San Diego County Regional Airport Authority,san-diego-county-regional-airport-authority
San Diego Foundation,san-diego-foundation
San Francisco Wine Trading Company,san-francisco-wine-trading-company-1
Sanction Scanner,sanction-scanner
Sand Cherry Associates,sand-cherry-associates-1
Sandalwood Engineering & Ergonomics,sandalwood-engineering-and-ergonomics
SANDEMANs NEW Europe,sandemans-new-europe
Sandpiper Productions,sandpiper-productions
Sanford Health,sanford-health
Sangoma,sangoma-3
Sans,sans-2
SAPI,sapigroup
Sapsol Technologies Inc,sapsol-technologies-inc-7
Sarmad,sarmad
Saskatchewan Roughriders,saskatchewan-roughriders
SASMAR,sasmar
SatVu,satellitevu
Satori Analytics,satori-analytics-1
Satoshi Energy,satoshi-energy
Save More Marketplace,save-more-marketplace-1
Savvy Talent,savvytalent
Sawhorse Productions,sawhorse-productions
Sawyer Studios,sawyer-studios
Weee!,sayweee
Scahill Law Group P.C.,scahill-law-group
The Scalable Company,scalable
Scale Virtually,scale-virtually
Scalepex,scalepex
Scalesource,scalesource-1
Scaling.com,scalingcom
Scede.io,scede-dot-io-2
Schilling Cider,schilling-cider
Schneider Innovations,schneiderinnovations
SchooLinks,schoolinks
"Schoox, LLC",schoox
Schwertfels Consulting GmbH,schwertfels
FinTech Insights,scientia
SciTec,scitec
Scorpio Electric,scorpio-electric
Scout Clean Energy,scout-clean-energy
Screenmedia Design Ltd,screenmedia
ScreenPal,screenpal
SDF Group,sdfgroup
Swiss Data Science Center,sdsc
Seadev,seadev
Seal & Design,sealanddesign
Sealy Mattress Middle East,sealy-mattress-middle-east
Sealyme,sealyme
Seapoint,seapoint
"Southeastern Archaeological Research, LLC. ""SEARCH""",search
SearchPlus HR,searchplus-hr-4
Searoutes,searoutes
Sécheron Hasler Group,secheron-s-dot-a
Second Nature,secondnature
Secret 6,secret-6
Securibox,securibox
Security Risk Advisors,securityriskadvisors
SeedLegals,seedlegals
Seekho,seekho
Seeq,seeq
Seervision,seervision
Stockholm Environment Institute - U.S.,sei
Seismic,seismic
SELIUK LTD,seliuk-ltd
Semaphore,semaphore
Sendinc,sendinc
Seniorverse,seniorverse
Sense,sense
SenseOn,senseon
Senseye,senseye
Sentec,sentec
SEON Technologies,seon-technologies-1
SEO Sherpa,seosherpa
Sephora SEA,sephora-sea
Seprod Limited,seprod-limited
Sequel.io,sequel
Sequel,sequel-tech
Serenity Mental Health Centers,serenity-mental-health-centers
SerenityAG,serenityag
Serko Ltd,serko-ltd
ServisHero,servishero
Session AI,session-ai
Sessions II,sessionsii
Sewell Group,sewell-group
Sézane,sezane-3
Sfakianakis Group,sfakianakis
SH:24,sh24
Shadow Light Studios,shadow-light-studios
Shapeways,shapeways-25
Sharetru,sharetru
SheCodes,shecodes
Shelter House,shelter-house
Shepard Exposition Services,shepard-exposition-services
Shero Commerce Inc.,sherocommerce
SHIELD,shield-1
Shift Robotics,shift-robotics
ShiftCare,shiftcare
Shiftmove,shiftmove
Shipa,shipa
"Shipbird, Inc.",shipbird
Energy Transportation Group,shipenergy
Shippabo,shippabo
Shockbyte,shockbyte
Shop and Ship,shop-and-ship
Showforce,showforce-uk
ShowMojo,showmojo
SICE Pty Ltd,siceanz
Side,sideinc
Sidekick,sidekicktool
Sidetrade,sidetrade
Sierra Interactive,sierra-interactive
Sigma Defense,sigmadefense
SigTech,sigtech
SIHAMCO,sihamco
Silae,silae
Silvur,silvur
Sime Darby Property Berhad,sime-darby-property-berhad
Simpay,simpay
Simple Machines,simple-machines-3
Simple Mills,simple-mills-9
SimpleCITI,simpleciti
Simprints,simprints
Sincere Corporation,sincere
Sinch,sinch
SINE Digital,sinedigital
Single Grain,single-grain
Singleton Construction,singletonconstruction22
Singulier,singulier
Sirios Shipmanagement,sirios
Situation Group,situationgroup
SIVVI.COM,sivvi
St. Joe County Public Library,sjcpl
SJF Ventures,sjf-ventures
Skeepers,skeepers
Skeleton Technologies,skeletontech
SketchDeck,sketchdeck
SketchPro AI,sketchpro-ai
Skiller Whale,skiller-whale
Skimmer,skimmer
Skin Analytics,skinanalytics
Skin + Me,skinandme
Skiplagged,skiplagged
Skrapp.io,skrapp
Skroutz S.A,skroutz
Skufler,skufler
Sky Mavis,sky-mavis
SkyCell AG,skycell-ag
SkyGig,skygig
Skylight,skylight
Skylight,skylight-frame
Skype,skype
Skyports,skyports
SkySlope,skyslope
Skyven Technologies,skyven-technologies
"Skywalker Holdings, LLC",skywalker
Slapend Rijk B.V.,slapendrijkbv
Slasify,slasify
Slate Flosser,slate-flosser
Slate,slatecleaning
SLB Capturi,slb
Sleek Events,sleek-events
Slip Robotics,slip-robotics
SLK Development,slk-development
Strategic Legal Practices,slp
Small Axe,smallaxe
Smappee,smappee
Smart Apartment Data,smart-apartment-data
Smart Financial,smart-financial
Smart Sitting,smart-sitting
SmartCommerce,smartcommerce
SmartCrowd,smartcrowd
Smarter Good,smartergood
SmartFinancial,smartfinancial
SmartLab,smartlablearning
SmartLogic,smartlogic
SmartNews,smartnews
SmartPlay Early Learners,smartplay-early-learners
SmartStay,smartstay
SMB Team,smb-team
Smoking Gun Interactive,smoking-gun-interactive-1
Smood,smood
Snapfish,snapfish
Snappi,snappibank
SNIPEBRIDGE,snipebridge
SNK,snk
Snowball,snowball-agency
Snowed In Studios,snowed-in-studios-3
Snuggs,snuggs
Soar Software Development Company,soar-software-development-company
Soar With Us,soar-with-us
Social Impact Partners,social-impact-partners
SocialRadar,socialradar
Society Awards,society-awards
Soda Data,soda-data-nv
SOFTONE,softone-technologies-s-a
Softship,softship
JASCI,software-company-for-mobility
SOGECLAIR,sogeclair
SOHAIL SMART SOLUTION,sohail-smart-solution
SoLa Impact,solaimpact
SolAmerica Energy,solamerica-energy
Solance,solance
Solar Careers UK,solarcareersuk
SolarCity,solarcity
Solarvest,solarvest
Solawave,solawave
Solid Sealing Technology,solid-sealing-technology
SolidarMed,solidarmed-1
[solidcore],solidcore
Solirius Reply,solirius-consulting-1
Solution SFT,solution-sft
Solutions3 LLC,solutions3-llc
Solvay Brussels School Lifelong Learning,solvay-executive-education
Somerce,somerce
Soneta Pty Ltd,soneta-pty-ltd
Sope,sope
Sophinea,sophinea
Sopra Steria I2S,soprasteria-i2s
SORACOM,soracom
Sorted,sorted
Sortly,sortly
Beyond Identity,source-code-1
SourceCode Communications,sourcecode-communications
Sourced By,sourced-by
Sourcemap,sourcemap
Sourgum,sourgum
South Country Equipment,south-country-equipment
South Florida After School All Stars,south-florida-after-school-all-stars
Southern National Roofing,southern-national
SP Associates,sp-associates
Space Matrix Design Consultants,space-matrix
space150,space150
Space Inch,spaceinch
Spark Solutions,spark-solutions
SparkFun Electronics,sparkfun-electronics-2
SparkPlug,sparkplug
Spartech,spartech
Sparx Engineering,sparx-engineering
Spate,spate
SPD Technology,spd-technology
speakit,speakitjobs
Special Projects,special-projects
Specialised Force,specialised-force
Spectarium,spectarium
Speech Graphics & Rapport,speech-graphics
Speechmatics,speechmatics-cantab
Speexx,speexx
Spence Diamonds,spence-diamonds-ltd
Spenmo,spenmo
Sperasoft,sperasoft
Sphynx,sphynx
Spicy Minds Ltd,spicy-minds
SpiderWare,spiderware
Spiff,spiff
SPIN Global,spin-global
Spindrift,spindrift
Spitfire Audio,spitfireaudio
Spitogatos,spitogatos-gr
SPOKE,spoke
Spot Insurance,spot-insurance
Spotawheel,spotawheel
Spotlight Sports Group,spotlightsportsgroup
Sprout.ai,sprout-ai
Spruce,spruce-2
SPT Groups,spt-groups
SPT Labtech,spt-labtech
SPUR,spur
Squadio,squadio23
Square Enix,square-enix
Square One,squareone
squid.,squid
Squiz,squiz
SS Tech Holdings Limited,ss-tech-holdings-limited
SSC HR Solutions,ssc-hr
"SSC Advisors, Inc.",ssccpas
St. Catherine's School,st-catherines-school
St. Luke's School,st-lukes-school
STACK IT Recruitment,stack-it-recruitment
Stacker Media,stacker
Stacker,stackerhq
CallTek,staff4me
Stafford Gray,staffordgray
Voxidea-Stafi,stafi
stakefish,stakefish
Stalis,stalis
Stampede AI Ltd,stampede-ai-ltd
Stanbridge University,stanbridge
Standing on Giants,standing-on-giants
Stanhope Capital,stanhope-capital
Starling,starling-bank
Starlink Aviation,starlink-aviation
Starry,starry
Starttech Ventures,starttechvc
Startup San Diego,startup-san-diego
StartupBros,startupbros
Startups.com,startups
Startup Voyager Digital UK Limited,startupvoyager
STAT Recovery Services,stat-recovery-services
Station A,stationa
Statistics & Data Corporation (SDC),statistics-and-data-corporation-sdc
Stay Group,stay-group
Genki,staygenki
SteadyMD,steadymd
Steady Vision,steadyvision
Stealth Startup,stealth-health
Steamship Insurance Management Services Ltd,steamship-mutual-1
Steer,steer-group
Steer Health,steer-health
Stellar Cyber,stellar-cyber
Stemcell Technologies UK Ltd,stemcell-technologies-uk-ltd
Stepping Stone School,steppingstoneschool
Stereolabs,stereolabs
Stigg,stigg
Stio,stio
Stirling Q&R,stirling-qr
"Stitch Consulting Services, Inc.",stitch-consulting-services-inc
Stitch,stitchmoney
Stockholm Environment Institute U.S.,stockholm-environment-institute-3
Stockholm Environment Institute Oxford Centre,stockholm-environment-institute-oxford-centre
Stone King,stone-king
StoreHub,storehub
Storyteq,storyteq
"StoryTerrace, Your Personal Biographer",storyterrace
STR,str
Strand Finance Inc.,strand-finance
Stranger Soccer,stranger-soccer-1
Stream Data Centers,stream-dc
Streamline Innovations,streamline-innovationsinc
Streamoid Technologies,streamoid
Street Child,streetchildcareers
StrideUp,strideup
Strise,strise
Stronger Consulting,stronger-consulting
StructureFlow,structureflow
Specialized Technical Services – STS,stsmiddleeast
STUDIO,studio
Studio Dental,studio-dental
Studio Gobo,studiogobo
StudioXAG,studioxag
Studyportals,studyportals
Suade,suade
Subscript,subscript
Substrakt,substrakt
Success Tutoring,success-tutoring
Sumble Inc,sumble-inc
Sumerge,sumerge-1
Summus Global,summusglobal
Sundae School,sundae-school
Sundays For Dogs,sundays-for-dogs
Sunlighten,sunlighten
Sunreef Yachts,sunreef-yachts-1
Sunstone,sunstone-eduversity
Suntria,suntria
Supahands,supahandsmy
Super Soccer Stars,super-soccer-stars
Super Speciosa,super-speciosa
Supercritical,supercritical
Superior Contracting & Maintenance,superior-contracting
Supermassive Games,supermassive-games
Supernormal,supernormal
Superprof,superprof-1
Supertech Group,supertech-group
Supplied Talent,suppliedtalent
SupplyHouse.com,supply-house
SupplyCore,supplycore-1
SupportYourApp,supportyourapp
Supy,supy-2
Surge Entertainment,surge-entertainment
Sur,surglobal
SURI,suri-3
Surich Asset Management Limited,surich-asset-management-limited
SV Academy,sv-academy-1
SVP Vancouver,svp-vancouver
Swans,swans
Swap,swap
Swarovski,swarovski
Sweat Pants Agency,sweat-pants-agency
Sweatcoin,sweatcoin
Sweep360,sweep360
sweet,sweet
Sweeten,sweeten
swift,swift
Swift Engineering,swiftengineering
SwiftX Inc.,swiftx-express
Swimply,swimply
Swing Development (SwingDev),swingdev
Swire Properties,swire-properties
SWITCHBOARD,switchboard
Switchboard Hiring,switchboard-hiring-1
SWK Technologies,swk-tech
Swoon Editions,swoon-editions
Sword Group,sword-group
SWOT Hospitality Management Company,swot-hospitality-management-company
SWTCH Energy Inc.,swtch-energy
Swvl,swvl
Swyg,swyg
Swytch Technology,swytchbike
Syarah,syarah
Sylvan Health,sylvan-health
Symmetrio,symmetrio
Symphony Solution Inc,symphony-solution-inc-1
Syntiant,syntiant
SYSTEMIC,systemic
Systems Engineering Solutions Corporation,systems-engineering-solutions-corporation
SZNS Solutions LLC,szns
TA Digital India,ta-digital-india
Tabeo Ltd.,tabeo-ltd
"Tablet Command, Inc.",tablet-command
Tactiq.io,tactiqio
Tagup Inc.,tagup
Taiga Motors,taigamotors
Take Eat Easy,take-eat-easy
Taksu Digital,taksudigital
Talarico for Texas,talarico-for-texas
Talence Group LLC,talencegroup
Talent Engine,talent-engine
Talent Trader Group,talent-trader-group
Talent Voyager,talent-voyager
Talent-360.me,talent3600
Talentgrator,talentgratorjobs
Talent Level Up,talentlevelup
TalentNow Solutions,talentnow-solutions
talentpluto,talentpluto
Talentspoc,talentspoc-llc
Tall Tree Health,talltreehealth
Talent Worx,talworx
Tamatem,tamatem
Tamkeen Technologies,tamkeentech
Tamnoon.io,tamnoon-dot-i-o
Tanco Engineering,tanco-engineering
Target,target-group
Tarjama,tarjama
tarte cosmetics,tarte-inc
TaskForce,taskforce
"Tasq Staffing Solutions, Inc.",tasq-work
TAT Technologies Ltd,tat-technologies-ltd
Tatu City,tatucity
Tava Health,tava-health
TAWANTECH,tawantech
TaxJar,taxjar
Tayco,tayco
transcosmos (TCIS),tciscareers
The Corporate Law Academy,tcla
TCP Software,tcp-software-1
The Career Works Limited,tcw
TDS Global Solutions,tds-global-solutions
Team17 Digital,team-17-digital
Team Architects,team-architects
Avōq,teamavoq
Teamified,teamified
Team TPS (The Paradigm Shifters),teamtps
Tech Ahoy!,techahoy
Tech Firefly,techfirefly
"TechFlow, Inc.",techflow
Techland,techland-1
Technance,technance
TechOp Solutions International,techop-solutions-international
Techpresso.io,techpresso
Techsylvania,techsylvania
TechTellent,techtellent
TechWings,techwings
Tecknoworks Europe,tecknoworks
Tecsa,tecsa
Tecsys Inc.,tecsys
Ticketek Entertainment Group,teg
TEHORA,tehora
Teikametrics,teikametrics
The Telegraph,telegraph
Telemedi,telemedi
Telementum Global,telementum
Teleperformance Spain,teleperformance-spain
Teleport,teleport-careers
Telestream,telestream
Tellow,tellow
Telum Media,telum-media
Ten Group,ten-group
Tenchi Security,tenchi-security
Tenjin,tenjin-inc
tentree,tentree
Tentworks Interactive,tentworks-interactive
Terabase Energy,terabase-energy
Teragonia,teragonia
Teramind,teramind-1
Tes Global,tes-global
Tesla Laboratories. Inc.,tesla-labs
testRigor,testrigor
Testronic,testronic
TetraScience,tetrascience
Texas Sports Academy Main,texas-sports-academy-main
Texas Health Action,texashealthaction
TextMaster,textmaster
"TextNow, Inc.",textnow-inc
TFT Global (USA) Inc.,tft-global-usa-inc
tgndata,tgndata
Thaloz,thaloz
Thanks,thanks-co
The Alinea Group,the-alinea-group-1
The American University of Paris,the-american-university-of-paris
The Arc of Ocean County,the-arc-of-ocean-county
The Asian American Foundation,the-asian-american-foundation
BlueRock,the-blue-rock
The Boundary,the-boundary
The Boutique COO,the-boutique-coo
The Brydon Group,the-brydon-group
The Canadian Press,the-canadian-press
The Care Company Inc.,the-care-company-inc
The Chefz,the-chefz-1
The Chope Group Pte Ltd,the-chope-group-pte-ltd
The Clean Fight,the-clean-fight
The Collecting Group,the-collecting-group
The Common Market,the-common-market
The Credit Pros,the-credit-pros
The Dot Group,the-dot-group-2
The Drum,the-drum
The Education Equality Institute,the-educational-equality-institute
The Flowery NY,the-flowery-ny
The Greater Change,the-greater-change-1
The Greenwich Tent Company,the-greenwich-tent-company
The Growth Center,the-growth-center
TheGuarantors,the-guarantors
The HALO Trust,the-halo-trust
The Herring Group,the-herring-group
the Hiring Room,the-hiring-room
The Home Project,the-home-project
The Investigo Group,the-investigo-group
The Jewish Federations of North America,the-jewish-federations-of-north-america
The June,the-june
The London Display Company Limited,the-london-display-company-limited
The Luxury Closet,the-luxury-closet
tmp,the-marketing-practice
The McLean Group,the-mclean-group
The Metaplex Foundation,the-metaplex-foundation
The Mill Adventure,the-mill-adventure
The Missing Link,the-missing-link
The Pod Group,the-pod-group
The Proactive Technology Group,the-proactive-technology-group
Ripple Effect,the-ripple-way
The Shannon Agency,the-shannon-agency
The Social Station,the-social-station
The Symicor Group,the-symicor-group-1
The Treetop ABA Therapy,the-treetop-aba
The Very Group,the-very-group
The Wesley Hotel,the-wesley-hotel
The Closet Lover,theclosetlover
The Dental Group,thedentalgroup
Dishpatch,thedishpatch
The Flowery,theflowery
Found.ation,thefoundation
Friends of the High Line,thehighline
The ICE List,theicelist
TheIncLab,theinclab
The Key Support Services,thekey
TheList,thelist-app
The Merry Beggars,themerrybeggars
Ocean Casino Resort,theoceanac
Theodora,theodora-1
OUAI,theouai
The People Group,thepeoplegroup
Pioneer Management Consulting,thepioneerteam
Purple Carrot,thepurplecarrot
TherapyNotes.com,therapynotes
Therefore,therefore
Thermal Engineering International,thermalengint
SalesPlaybook AG,thesalesplaybook
The Shipyard,theshipyard
Signal,thesignalgroup
TheSoul Group,thesoul-publishing-1
Theta,theta-systems-ltd
The Tie,thetie
The Trustees of Reservations,thetrustees
The Tsui Group,thetsuigroup
Think-it,think-it
ThinkingIT Corp.,thinkingit
ThinkShout,thinkshout
ThinkWell,thinkwell
ThinScale,thinscale-technology-ltd
Third Space Learning,thirdspacelearning
This is Gain Ltd,thisisgain
ThisWay,thisway
Thomas,thomas-5a
Thorlabs,thorlabs
ThoughtFull™ World,thoughtfull-world
Threads Styling Ltd.,threadsstyling
ThreatMetrix,threatmetrix
"Threatswitch, Inc.",threatswitch-inc
Thunderhead Engineering,thunderheadeng
Tiburcio Vasquez Health Center,tiburcio-vasquez-health-center
TickPick,tickpick
Tiger Analytics Inc.,tiger-analytics
Tikkas,tikkas
"TileDB, Inc.",tiledb
timeOS,timeos
Timescapes,timescapes-co
Baylor College of Medicine - Children's Foundation Malawi,tingathe
tink GmbH,tink
Tinkergarten,tinkergarten
TINQIN,tinqin
Tios Capital,tios-capital
Tiraz Asbani,tiraz-asbani
Titan Cloud,titan-cloud
Tito's Handmade Vodka,titos-handmade-vodka
TMEIC Corporation Americas,tmeic-corporation-americas
TMGM,tmgm
TMWUnlimited...,tmw
TOCA Social,toca-social
Today,today
Togather,togather
Toggl,toggl-track-plan
Mindrift,toloka-ai
Tommy Gun's Original Barbershop,tommy-guns-original-barbershop
Tomoro,tomoro-ai
Tomorrow,tomorrow-2
TOMORROW HIRE,tomorrow-hire
Tomorrow's Journey,tomorrows-journey
Too Sweet Cakes,too-sweet-cakes
Top Talents London,top-talents
Topco Sales,topco-sales
TOPOSOPHY,toposophy
Toppr,toppr
TORKLAW,torklaw
Toronto International College,toronto-international-college
Toronto Lands Corporation,toronto-lands-corporation
TORQCOMMODITIES,torqcommodities
Tortuga,tortuga
"Total Life, Inc.",total-life
"Total Care Services, Inc.",totalcareservices
Touchstone,touchstone
"Tower Staffing, Inc.",tower-staffing-inc
Tower Water,tower-water
Town Web,town-web
"Toyota Financial Services, KINTO and KINTO JOIN",toyota-financial-services
Toyota Tsusho Systems,toyota-tsusho-systems
TP-Link Systems Inc.,tp-link-usa-corp
Trade Nation,trade-nation
Tradify Limited,tradify-limited
TradingHub,tradinghub
Trading Tips,tradingtips
Trail of Bits,trailofbits
Training The Street,trainingthestreet
Trala,trala
"Transcend Spatial Solutions, LLC",transcend-spatial-solutions-llc
TransferGo,transfergo
Transfermate,transfermate
Transformations Community,transformations-community
Transifex,transifex
Translation Empire,translation-empire
Transmax,transmax
TransWest Mobility,transwest
Trantor Software,trantor
Travis CI,travisci
Treantly,treantly
Tree Fresno,tree-fresno
Treewalk Consulting Inc.,treewalk-accounting
Tresata,tresata
Trexquant Investment,trexquant
Tricoci University,tricoci-university
Trilagen,trilagen
Trilo,trilo
Trinetix,trinetix
Trinny London,trinnylondon
Trio scs,trio-scs
Tripledot Studios,tripledotstudios
Triskele Labs,triskele-labs
Trivium,trivium
"TRL11, Inc.",trl11-inc
Trócaire,trocaire
Trouva,trouva
TRP Infrastructures,trp-infrastructures
"TrueDialog, Inc.",truedialog-inc
Truly,truly
Trust Keith,trust-keith
Trustmi Network Ltd.,trustmi
Trifecta Retail Ventures,trv
Caddi,trycaddi
Tryzens Global,tryzensglobal
Tsao Foundation,tsao-foundation
T-Tech,ttech
TTP,ttp
Tugende,tugende
TurtleTree,turtletree
Tutor Me Education,tutor-me-education-1
Tutored by Teachers,tutoredbyteachers
Tutors Green,tutors-green-1
tvg,tvg-hospitality
TWG Global AI,twgai
Twine,twine
Two95 International Inc.,two95-international-inc-3
Twoconnect,twoconnect-careers
Two,twoinc
Twos,twos
TWOSENSE.AI,twosense
Tech Will Save Us,twsu
Tyde Digital,tyde-digital-1
TydeCo,tydeco
Tyk Technologies,tyk-technologies
Tymit,tymit
UBDS Group,ubds
Ubiqus Reporting Inc.,ubiqus
UBREAKIFIX,ubreakifix-20
Universal Business Team,ubteam
Universal Energy Solutions,ues-careers
Ukio,ukio
Ultimate Peaks,ultimate-peaks
Ultimate Performance,ultimateperformance
Umbra,umbra
IndiBrain,umcg1
Umniah,umniah
Umpisa Inc.,umpisa-inc
Unacast,unacast
UnboundEd,unbounded
Unbox,unbox
Uncapped,uncapped
Uni Systems,uni-systems
UNIFI Autism Care,unifi-autism-care
Unifize,unifize
Unilabs,unilabs
Unimacts Global,unimacts
Union Heritage,union-heritage
Union Home Mortgage,union-home-mortgage
Union Maritime,union-maritime
Uniphar Medtech,uniphar-medtech
Unique Training Solutions,unique-training-solutions
Unison Group,unisongroup
Unit8 SA,unit8
Unitary,unitary
Unite America,uniteamerica
UCP Oregon,united-cerebral-palsy-of-oregon-sw-washington
"United Field Services, Inc.",united-field-services-inc
United Greeneries,united-greeneries
UNITH,unith
Unimed Maritime Solutions,universal-marine-medical
UTR Sports,universal-tennis
Universe,universe-2
UniverseMT Corp.,universemt-corp
University of Mount Saint Vincent,university-of-mount-saint-vincent
unspun,unspun
UNTUCKit,untuckit
Unusual Machines,unusual-machines
Up Hellas,up-hellas-1
UpClear,upclear
UpcoMinds,upcominds
Updraft,updraft
Upgrade,upgrade-1
Up Learn,uplearn
UpMail Solutions,upmail
Upstream,upstream
Uptalent.io,uptalent-dot-i-o
URBAN MONEY PVT LTD,urban-money-pvt-ltd-2
Urban,urbanco
Urbanise,urbanise
Urbint,urbint
Ursa Major Skincare,ursa-major-vt
U.S .Vision,us-vision-3
Userbrain,userbrain
UserEvidence,userevidence
UserZoom,userzoom
Ushahidi,ushahidi
University System of Maryland Office,usm-office
UtilitiesOne,utilitiesone-1
Utopia,utopia-life-worth-living
"UWorld, LLC",uworld
Uxbert Labs,uxbert-labs-1
V3 Middle East Engineering Consultants,v3-middle-east-engineering-consultants
V4C.ai,v4c
Vable,vable
Valard Construction,valard-construction-lp
Valatam,valatam
ValGenesis,valgenesis-1
Validus Risk Management,validus-risk-management
Valley Services,valley-services
Valneva,valneva
Valsoft Corporation,valsoft-corp
Vantage Point,vantagepointconsult
Varjo,varjo-1
Vasion,vasion
Vatica Health,vatica-health
VavaCars,vavacars
Vayyar,vayyar
Videobot Ltd,vbot
VBP,vbp
Vcare Hospitality Services,vcare-hospitality-services
"Vector North America, Inc.",vectornorthamerica
Velan Studios,velanstudios
Veld Capital,veldcap
Velocity Trade,velocity-trade
Velora,velora
Velotio Technologies,velotio
Vendo sp. o.o.,vendo
Ventrata,ventrata
Venture Global Engineering,venture-global-engineering
VentureFriends,venturefriendsvc
Veracross,veracross
Vercingetorix Technologies,vercingetorix
Verinext,verinext
Verisian,verisian
Verista,verista
veritree,veritree
Verlabs,verlabs-com
Verneek,verneek
Vero HR Ltd,vero-hr-ltd
"VersaTrial, Inc.",versatrial
Vertex Sigma Software,vertex-sigma-software
Vertin,vertin
Ververica GmbH,ververica
Verve Ventures,verveventures
Veryday,veryday
VesprSolar,vesprsolar-1
Vessels Value Ltd,vessels-value-ltd
Vessev,vessev
Vesta Home,vestahome
Vestd,vestd
Vesuvius,vesuvius
Vesynta,vesynta
Veterans Engineering,veterans-engineering-2
Veterans Launch Inc,veterans-launch-inc
Veterinary Staffing Pros,veterinary-staffing-pros-1
Vezeeta,vezeeta
VIA,via-science
VIANEX,vianex
Vibrant ABA,vibrant-aba
Victor Energy,victor-energy
Vidapp,vidapp
VIGILINT,vigilint
Ηπειρωτική Βιομηχανία Εμφιαλώσεων Α.Ε. (ΒΙΚΟΣ),vikos
VillageReach,villagereachcareers
Vinmar International,vinmar-international
Vinterior,vinterior
Viralstyle,viralstyle
Virgin,virgin
Vironix AI,vironix-ai
Virtasant,virtasant
Virtual Assist,virtual-assist
Virtual Staff 365,virtual-staff-365
VirtueStaff,virtuestaff
VirtuHire,virtuhire
Virtusa Polaris,virtusa-polaris
Visage.jobs,visage-dot-j-obs-1
Visalaw AI,visalawai
Visit.org,visit
VisitorsCoverage Inc.,visitorscoverage-inc
Visium SA,visium
Vista Group,vista-group
Visual BI Solutions Inc,visualbi
Vita Green Health Product Company Limited,vita-green
Vitabiotics,vitabiotics
Vitae Health Systems,vitae-health-systems
Vita Green,vitagreen
"Vitality Group International, Inc.",vitalitygroup
Vitaly Health,vitaly-health
Vitesse PSP,vitesse-psp
Viva.com,viva
Vivaldi Group,vivaldi-group
Vivid Money,vivid-money
Vivo Energy,vivo-energy
Vix Technology,vix-technology
Vizrt,vizrt
Vision Loss Rehabilitation Canada,vlrc
VoicedIQ®,voicediq
Volga Partners,volga-partners
Volt.io,volt-dot-i-o
Volution,volution
Valer,voluware
Vortexa,vortexa
Vouched,vouched
Voulgaris Hospitality Group,voulgaris-hospitality-group
Voyage Foods,voyagefoods
Voyago,voyago
Voyc,voyc
Valor Protection Safety Agency,vpsa
Vuealta,vuealta
Vulcan,vulcan
Waad Education,waad-education
Waed Ventures,waed-1
Wake Research,wake-research
Waking Up,waking-up-1
Walking Tree,walkingtree
Wallbox,wallbox
Wallee,wallee
WalletConnect,walletconnect
Wallop,walloprecruitment
WALT Labs,walt-labs
Walter,walter-careers
Wantable,wantable-careers
Warden AI,warden-ai
WarrCloud,warrcloud
Wasserman,wasserman-1
WaterAid,wateraid
Water.org,waterorg
Waterworth,waterworth
WATI.io,wati-dot-i-o
Watson Institute,watson-institute
"WaveStrong, Inc.",wavestrong
Wavicle Data Solutions,wavicle-data-solutions
Wayman Group,wayman-group
Waypoint Maine,waypointmaine
Wayzontech Services Pvt. Ltd.,wayzontech-services-pvt-ltd
"WBParts, Inc.",wbpartsinc
We Are Social,we-are-social-1
Bulletproof,wearebulletproof
inventi.jobs,weareinventijobs
Noble,wearenoble
Phlo - Digital Pharmacy,wearephlo
Pion,wearepion
Pepper,wearpepper
WeatherBug,weatherbug
Weatherbys Banking Group,weatherbys-bank
Weave,weave
webhotelier | primalres,webhotelier
webook.com,webook
WebProps.org,webprops
WeBuild-AI,webuild-ai
Weekday AI,weekday-1
Weetabix,weetabix
Wefluens,wefluens-1
Welcome,welcome-jobs
Welcome Pickups,welcomepickups
Welovesupermom Pte Ltd,welovesupermom-pte-ltd
WeNext Europe B.V.,wenext-europe
WeSki,weski
Westcoast Actuaries Inc.,westcoast-actuaries-inc
Western Construction Group,western-construction-group
Westfalia Fruit,westfalia-fruit
Weybourne,weybourne-group
?What If!,what-if
whatsapp,whatsapp
Whip Around,whiparound
White Fox Boutique,white-fox-boutique
White Pearl Hospitality,white-pearl-hospitality
"White Rabbit Ventures, LLC",whiterabbit
Whiteshield,whiteshield
Whitespectre,whitespectre
White Swan Data,whiteswandata
Whizz,whizz
FixMyCar,whocanfixmycar
Widilo,widilo
WiFi Tribe,wifi-tribe
Wildlife Works,wildlife-works
"WilkinGuttenplan, P.C.",wilkinguttenplan
Willett Distillery,willett-distillery
Williams Parker,williams-parker
WINGS ICT SOLUTIONS S.A.,wings-ii
"Wingz, Inc",wingz
Winning Assistants,winning-assistants
Winnow,winnow
Winthrop Technologies,winthrop-technologies
Wirecard Asia,wirecard-asia-holding-pte-ltd
Wisdom Sprouts,wisdom-sprouts
Wisedocs AI,wisedocs-ai
Wisevu,wisevu
With Intelligence,with-intelligence
Withings,withings
LOGIC,withlogic
Plum Fintech,withplum
Reach,withreach
WittyCommerce,wittycommerce
Wizcorp Inc,wizcorp
Wizer,wizer
Careers with WM Partners' Portfolio Companies,wmpcompanies
WNS,wnscareers
Wolf & Badger,wolfandbadger
"Wolf Carries, LLC",wolfcarries-llc
Wolff Olins,wolff-olins
Women Donors Network,womendonorsnetwork
Wonderbly,wonderbly
Pacific Energy Canada,woodfibre-management-limited
Woof Together,woof-together-1
Woolf,woolf
Wooplr,wooplr
Woozle Research,woozle-research
WORDPRESS,wordpress
Greenfly,work-at-greenfly
Workana,workana-premium
"Workbox Holdings, Inc.",workbox-company
workers,workers
Workforce Optimizer Pte Ltd,workforceoptimizer
Working Solutions,working-solutions
"WorkMoney, Inc.",workmoney
WorkMotion,workmotion
WorkSquare,worksquare
Workstate,workstate
WorkStep,workstep
Workx Middle East FZC LLC,workx-middle-east-fzc-llc
Workyard,workyard
World Central Kitchen,world-central-kitchen
WorldFish,worldfish
WorldVia,worldviatravel
Worth AI,worthai
Woven,woven
Wowza Media Systems,wowza-media-systems
WP Media,wp-media
WPT Global,wpt-global
Wrisk,wrisk
Writesonic,writesonic
"WRMC, Inc.",wrmc
WS Development,ws-development
WSU Tech,wsutech
Command Holdings,wwc
WWF,wwf
X UP Brands,x-up-brands
Xcellink Pte Ltd,xcellink
Xe,xe
Xenon7,xenon7
XIO,xio
Xodus Group,xodus-group
XperiencOps Inc,xops
Xplore Inc.,xplore-inc
xponentiate,xponentiate
Xpress Wellness Urgent Care,xpress-wellness-urgent-care-2
XQ,xqthesuperschoolproject
XTM International,xtm
Xtremax Pte. Ltd.,xtremax-pte-ltd
XXperiential Marketing Group,xxperiential-marketing-group
Yahoo,yahoo
YAP Global,yap-global
Yapily,yapily
YASO,yaso
YayPay,yaypay
YBF Ventures,ybfventures
Y Combinator,ycombinator
Yellow Leaf Hammocks,yellowleaf
YMT,yieldmartech
Yikodeen Footwear Limited,yikodeen-footwear-limited
Yobota,yobota
Yoda Tech,yoda-tech
YouLend,youlend-1
YouTrip,youtrip
Yyyyyyyyyyy,yyyyyyyyy
Zaelab,zaelab
ZainCash,zaincash-1
ZainTECH,zaintech
Zaizi,zaizi
Zams,zams
Zeal Group,zealgroup
Zealthy,zealthy
Zearn,zearn
Zeel,zeel
Zeelo,zeelo
Zego,zego
Zenara Health,zenara-health
Zenarate,zenarate
Zengistics,zengistics
Zenoti,zenoti
Zero Down Lease,zero-down-lease
Zero100,zero100
ZeroFox,zerofox
zeroheight,zeroheight
Zero Labs Automotive,zerolabs
ZEST Preparatory Academy,zestprep
Zgraph,zgraph
Zicasso,zicasso
Zifo,zifo
ZigZag Global,zigzag-global
ZILO,zilo-1
Zinc,zinc-work
Zinc Network,zincnetwork
Zipdev,zipdev
ZipLiens,zipliens
Zipline.io,zipline-io
Zirtual,zirtual-llc
Ziyut Al Adaa,ziyut-al-adaa
Zodia Custody,zodia-custody
Zone IT Solutions,zoneit
Zoomo,zoomo
Zoopla,zoopla
Zycus,zycus-1
Zyte,zyte
Zzish,zzish
